--
-- Database: `Jee_TP2`
--
CREATE DATABASE IF NOT EXISTS `Jee_TP2` DEFAULT CHARACTER SET utf8mb4 COLLATE utf8mb4_general_ci;
USE `Jee_TP2`;

-- --------------------------------------------------------

--
-- Table structure for table `Friendship`
--

CREATE TABLE `Friendship` (
  `id_sender` int(11) NOT NULL,
  `id_receiver` int(11) NOT NULL,
  `state` enum('PENDING','APPROVED','DENIED') DEFAULT NULL
) ENGINE=InnoDB DEFAULT CHARSET=utf8mb4 COLLATE=utf8mb4_general_ci;

--
-- Dumping data for table `Friendship`
--

INSERT INTO `Friendship` (`id_sender`, `id_receiver`, `state`) VALUES
(1, 2, 'PENDING'),
(1, 4, 'APPROVED'),
(1, 42, 'PENDING'),
(1, 86, 'APPROVED'),
(2, 46, 'APPROVED'),
(2, 93, 'APPROVED'),
(6, 10, 'APPROVED'),
(7, 10, 'APPROVED'),
(8, 1, 'PENDING'),
(8, 66, 'APPROVED'),
(9, 1, 'PENDING'),
(9, 19, 'APPROVED'),
(10, 64, 'APPROVED'),
(14, 16, 'APPROVED'),
(14, 83, 'APPROVED'),
(14, 86, 'APPROVED'),
(14, 91, 'APPROVED'),
(15, 16, 'APPROVED'),
(15, 30, 'APPROVED'),
(16, 5, 'APPROVED'),
(18, 11, 'APPROVED'),
(18, 58, 'APPROVED'),
(18, 90, 'APPROVED'),
(18, 98, 'PENDING'),
(19, 41, 'APPROVED'),
(21, 67, 'APPROVED'),
(21, 95, 'PENDING'),
(22, 32, 'APPROVED'),
(22, 100, 'APPROVED'),
(27, 66, 'APPROVED'),
(28, 49, 'PENDING'),
(28, 75, 'PENDING'),
(29, 36, 'APPROVED'),
(29, 41, 'APPROVED'),
(31, 34, 'PENDING'),
(31, 37, 'APPROVED'),
(31, 78, 'APPROVED'),
(32, 1, 'APPROVED'),
(33, 88, 'APPROVED'),
(34, 45, 'APPROVED'),
(36, 3, 'APPROVED'),
(37, 29, 'APPROVED'),
(39, 41, 'APPROVED'),
(39, 50, 'APPROVED'),
(42, 5, 'APPROVED'),
(44, 1, 'PENDING'),
(48, 1, 'PENDING'),
(48, 21, 'APPROVED'),
(49, 84, 'APPROVED'),
(50, 1, 'PENDING'),
(50, 23, 'PENDING'),
(52, 87, 'APPROVED'),
(52, 89, 'APPROVED'),
(54, 17, 'APPROVED'),
(55, 20, 'APPROVED'),
(55, 80, 'APPROVED'),
(57, 80, 'PENDING'),
(58, 97, 'APPROVED'),
(59, 82, 'PENDING'),
(60, 98, 'APPROVED'),
(62, 24, 'PENDING'),
(62, 49, 'PENDING'),
(62, 54, 'APPROVED'),
(63, 80, 'PENDING'),
(64, 27, 'APPROVED'),
(64, 32, 'APPROVED'),
(67, 33, 'APPROVED'),
(69, 85, 'APPROVED'),
(70, 81, 'PENDING'),
(72, 58, 'APPROVED'),
(73, 68, 'APPROVED'),
(73, 83, 'APPROVED'),
(75, 26, 'PENDING'),
(75, 81, 'APPROVED'),
(76, 35, 'APPROVED'),
(78, 19, 'PENDING'),
(78, 44, 'PENDING'),
(79, 4, 'APPROVED'),
(79, 28, 'APPROVED'),
(80, 46, 'APPROVED'),
(80, 48, 'PENDING'),
(82, 46, 'APPROVED'),
(84, 12, 'PENDING'),
(84, 90, 'APPROVED'),
(87, 8, 'APPROVED'),
(88, 34, 'APPROVED'),
(88, 95, 'APPROVED'),
(90, 86, 'PENDING'),
(91, 21, 'PENDING'),
(91, 100, 'APPROVED'),
(92, 11, 'APPROVED'),
(92, 15, 'APPROVED'),
(92, 39, 'PENDING'),
(94, 85, 'PENDING'),
(95, 27, 'APPROVED'),
(95, 65, 'APPROVED'),
(95, 78, 'APPROVED'),
(96, 30, 'PENDING'),
(100, 1, 'PENDING'),
(100, 22, 'APPROVED');

-- --------------------------------------------------------

--
-- Table structure for table `Message`
--

CREATE TABLE `Message` (
  `id` int(11) NOT NULL,
  `content` text NOT NULL
) ENGINE=InnoDB DEFAULT CHARSET=utf8mb4 COLLATE=utf8mb4_general_ci;

--
-- Dumping data for table `Message`
--

INSERT INTO `Message` (`id`, `content`) VALUES
(1, 'Temporibus voluptatem enim ea animi dolorem vero. Quo itaque assumenda accusamus deleniti sit non unde. Aliquam non consectetur temporibus eaque. Ut ut libero animi quia sunt assumenda dolores nesciunt. Blanditiis exercitationem corrupti accusamus ea ea.'),
(2, 'Quidem aliquam autem et. Quia quo laudantium sunt quasi. Id ex soluta dicta omnis et quidem. Unde maiores sunt qui autem unde consequatur omnis.'),
(3, 'Nihil quidem veritatis dolore est eos. Inventore ut facilis impedit rerum autem voluptatem in. Vero velit rerum qui voluptates dolores. Laboriosam omnis minus accusantium minus possimus. Alias totam quaerat suscipit voluptatem deserunt et. Ut fugiat nobis est neque.'),
(4, 'Accusantium quas et non quidem veniam dolor. Saepe et pariatur nobis non atque. Nihil quasi voluptas iusto sit rerum. Officiis similique laudantium nihil occaecati.'),
(5, 'Sunt rem excepturi consequuntur. Qui aut quaerat expedita soluta repellat est dolorem. Dolore molestiae praesentium nihil dolores odio inventore odit. Quo similique et natus ut voluptas quo veritatis. Laboriosam corporis ut et molestias numquam aspernatur rerum. Voluptas consequuntur sequi tempore velit.'),
(6, 'Quos voluptas ut aut laboriosam. Odio assumenda pariatur pariatur. Deserunt et accusamus aut praesentium dolor quam placeat. Sint qui ea id aut. Cupiditate aut provident asperiores ex et et dolorem. Officia facilis officiis minima.'),
(7, 'Laboriosam consequatur fuga quis rerum ea. Eos id unde eius velit eaque pariatur dolorum. Et quae eligendi voluptatibus magnam iure voluptates. Porro voluptatum dolores autem sed magnam. Doloribus nulla et sint velit similique esse excepturi et. Officia exercitationem esse consequatur tempora nulla. Sed non laboriosam earum tempora voluptatum aspernatur.'),
(8, 'Placeat nulla consectetur vero rerum asperiores labore. Et omnis dolorem iure ipsam laboriosam nostrum non. Quo culpa quisquam rerum sed quia vitae. Veritatis nisi minus ratione. Qui eos nobis perspiciatis qui vero amet.'),
(9, 'Quae id rerum iusto aut dolorem. Id molestiae laudantium vitae vel et rem. Quae praesentium nemo adipisci dolor aut tempore repudiandae. Tempora molestias et suscipit exercitationem et id consequatur.'),
(10, 'Labore possimus sunt eveniet quae rerum quisquam alias voluptate. Odit facilis fuga quisquam et explicabo laudantium pariatur. Rerum laudantium deserunt et hic et eius. Nulla officiis aperiam quia blanditiis sunt et veritatis.'),
(11, 'Quaerat veniam necessitatibus id distinctio. Illo quia voluptas sunt. Rem est consequatur id aliquam hic. Est modi rerum sit minus et explicabo. Aut sed quam ab et.'),
(12, 'Ut aut minima vel qui omnis dolore. Consequatur error ipsum expedita quod deleniti nulla. Minima eum quae quis sint occaecati suscipit consequatur. Sapiente unde cumque rerum nobis ea itaque sed. Esse dolorem quisquam nisi non.'),
(13, 'Quasi dolores et enim aut nemo. Et et recusandae qui dolores sint esse. Quisquam ut quos eveniet sit nihil voluptatum mollitia. Vero et quam similique unde facilis iure adipisci.'),
(14, 'Est atque laudantium ut enim. Nemo omnis repellendus odit et sint aut nemo. Ipsam optio rerum rerum omnis animi nihil. Aut magni asperiores recusandae earum cumque. Voluptate hic rerum accusamus et. Non debitis laboriosam a iusto. Nisi ut vitae tempore veritatis enim.'),
(15, 'Laboriosam totam modi voluptates molestias. Ut eos tempore temporibus est possimus voluptates. Non et quaerat esse autem numquam incidunt nemo. Illum veniam assumenda recusandae. Quis at modi iure eos voluptas vero ab consequatur.'),
(16, 'Quaerat molestiae optio fugit dolores. Explicabo ipsum ea ab iste possimus. Qui veritatis porro sequi tempora illum. Voluptates ipsa dicta aut maiores aut similique ut temporibus.'),
(17, 'Eligendi aut totam et neque accusantium. Labore repellat vitae est voluptate ea est. Sit velit ullam voluptatum ab. Ipsum delectus et impedit excepturi sunt quis. Voluptatem est modi enim enim.'),
(18, 'Assumenda exercitationem expedita sapiente quod est. Voluptatem eum qui magnam molestiae facere. Voluptatem beatae illum possimus aut ducimus ipsa sint minima. Quia est id repellendus voluptas consequatur quia. Explicabo et temporibus unde sunt. Qui ut neque culpa dolores qui.'),
(19, 'Et soluta laudantium officia quasi quaerat ipsa cupiditate. At quidem dolores quo cum qui consequatur. Voluptas voluptatem commodi et et nesciunt occaecati. Labore in temporibus id ea possimus repellendus deleniti. Ab non delectus ducimus illo facilis consectetur. Et quia inventore laborum in rerum.'),
(20, 'Eveniet consectetur molestiae et aperiam voluptatem neque doloribus. Rerum cumque et ab. Eum vel eveniet est et. Quo recusandae sed ullam. Maiores numquam velit non porro neque sint. Et quae atque eum ratione aut quibusdam.'),
(21, 'Occaecati id incidunt aliquam omnis. Cumque similique possimus possimus vitae mollitia ratione ipsum laborum. Qui totam fugit consequatur magni ipsum aut voluptas. Beatae aut aut natus non maiores ut tempore. Reprehenderit qui quam omnis sunt sint.'),
(22, 'Nam delectus sapiente repudiandae libero. Recusandae sed optio quia id amet qui. Iste vero temporibus et velit nobis dolorum necessitatibus. Est consectetur amet quibusdam praesentium cupiditate eaque. Eaque quo eos unde ipsum nemo.'),
(23, 'Qui excepturi sed et magni fuga molestiae. Consequatur ullam autem voluptate ut itaque. Eum accusantium id quisquam eaque. Sed eum totam quae consectetur.'),
(24, 'Eligendi sapiente aspernatur quis cum quaerat voluptates quia non. In quibusdam sed quia debitis quam. Ut accusamus ut optio quibusdam illo ducimus ut dicta. Aliquam qui odio reiciendis est repellat et aut. Sed inventore autem sit dolorem recusandae et veniam.'),
(25, 'Similique cum veniam adipisci earum. Non laboriosam asperiores dolor sit. Magni optio nobis non cupiditate iste. Delectus temporibus quia laudantium corporis debitis. Sed soluta nobis necessitatibus itaque dolores unde vel. Esse rerum tenetur voluptatem qui.'),
(26, 'Non voluptatem maxime est. Modi consequatur voluptatem earum animi aperiam vel sit repellendus. Nisi et ut quod velit perspiciatis praesentium quia. Nobis laudantium suscipit consequatur ut ducimus. Aut reiciendis ratione quo. Non itaque animi sed commodi.'),
(27, 'Sunt vero consequatur deleniti atque ut voluptatibus. Et praesentium dicta et aut nihil sapiente quis. Et voluptatum quas delectus. Sequi aliquam est dicta qui pariatur aliquam quidem dolorem. Aut omnis exercitationem placeat incidunt. Laborum et aperiam ducimus vero sed et.'),
(28, 'Perspiciatis fuga sit in qui vero qui. Similique ut enim sed consequatur accusantium soluta et velit. Laboriosam quia enim id temporibus cupiditate. Corporis magni minus esse accusamus consequuntur commodi ad.'),
(29, 'Odit molestias sit ut labore. Placeat et repudiandae mollitia nesciunt. Est ducimus nostrum rerum est hic. Vel pariatur ut quos commodi harum fugiat. Vel omnis doloremque omnis accusantium sunt molestias.'),
(30, 'Pariatur dolore aut autem ducimus. Adipisci iusto ab autem veniam blanditiis. Error culpa animi excepturi tenetur. Eveniet nobis praesentium veniam porro.'),
(31, 'Quia earum inventore earum repudiandae. Non et accusamus molestiae et a omnis fuga accusamus. Eos doloremque ut et ratione dolorum nihil corporis. Asperiores eum accusantium aut ut doloremque voluptatum reiciendis architecto. Repellat commodi quasi enim itaque vitae aperiam consequatur iste. Quaerat qui sapiente sed nihil odio. Atque doloremque dicta assumenda consequuntur atque.'),
(32, 'Culpa labore voluptas consequatur sunt nihil dolor non. Magnam voluptatibus ducimus labore omnis ut distinctio aliquam. At velit et dolores et ea incidunt. Aliquam est aperiam enim quam. Non consectetur in voluptatum aliquam quaerat modi laboriosam.'),
(33, 'Et voluptas amet tempore voluptates impedit quia voluptatem. Consectetur velit repellendus consectetur non numquam corporis. Voluptas cum perferendis placeat aliquid aliquam unde dolor. Reprehenderit itaque corporis est numquam non.'),
(34, 'Dolores aperiam consectetur illum autem voluptatem modi eum eos. Aut expedita consequuntur dolor et sed. Et laboriosam voluptatem quibusdam eos. Enim quia accusantium voluptas molestiae ipsa minus qui officiis. Quis iusto perferendis aut exercitationem sint est eveniet.'),
(35, 'Voluptatem nihil labore harum id et sit voluptates. Porro iusto voluptatem repudiandae non. Minima dignissimos sunt quis cupiditate. Ex accusantium vitae vero quam vitae.'),
(36, 'Sunt debitis enim molestias dolores consequatur velit quidem. Delectus dolores rerum quo eum. Eos eius quos quis reprehenderit. Perspiciatis quod nam autem. Quisquam ipsam deserunt quo qui. Iusto aut cumque magnam qui nobis est beatae.'),
(37, 'Enim dolorem et impedit fuga ut. Et et nobis animi eaque quae ex animi. Nesciunt soluta optio in quia. Corrupti quae expedita dolore reprehenderit consequatur. Nisi fugit non qui rem porro. Dolores quibusdam voluptatem voluptatem et aliquid.'),
(38, 'Qui a ipsam minus. Doloribus voluptatem ipsam id asperiores sed sit. Voluptatum excepturi velit id dolorem repellat asperiores. Eligendi tempora necessitatibus dolorem. Est sapiente numquam dolorem autem architecto quia. Dolorem consequatur aut nihil voluptatem excepturi rem quas.'),
(39, 'Qui eligendi eos et enim dolore illo. Dolores numquam et sint eligendi ipsa eius placeat molestiae. Ad odio asperiores sed qui dolor fuga. Vitae repudiandae similique ut deleniti ducimus.'),
(40, 'Aut error praesentium omnis dignissimos. Dolores aut omnis magnam ipsam quas similique aliquid architecto. Quidem maxime facilis voluptas possimus. Deleniti aut ipsum tenetur deserunt unde. Molestias eaque in delectus laboriosam qui. Ratione tempora tempore et earum tenetur non nulla.'),
(41, 'Nam nostrum nemo voluptatem incidunt corporis eos iusto. Eveniet aperiam quia quasi culpa voluptates esse aut. Blanditiis architecto vel commodi. Veniam suscipit dignissimos occaecati.'),
(42, 'Vel nisi consequuntur perspiciatis quia earum at amet. Facilis et est ab assumenda nemo eum tenetur. Illo est iusto eligendi et. Unde id eligendi cupiditate ex et. Quaerat molestias aut quia rem et consequatur.'),
(43, 'Mollitia omnis similique dolor sit voluptas reprehenderit. Illum voluptate cupiditate non nisi reiciendis quis dolores libero. Laudantium nemo sunt quod eum occaecati modi temporibus. Dolore et et ut quas dolores explicabo libero. Saepe sint cumque et dolorum sunt. Aut ut dicta ducimus aut soluta sit accusantium. Illum earum non qui excepturi libero praesentium repellendus.'),
(44, 'Et rerum perspiciatis alias non numquam. Quod repellat in voluptas dolores eos. Est exercitationem sunt illum inventore. Quas facilis illum pariatur repellendus totam aut.'),
(45, 'Ipsa sint ea corporis. Veniam et autem minima quam qui. Aut totam soluta doloribus eos laudantium. Illum ea non inventore ut doloremque.'),
(46, 'Tempora consectetur modi aspernatur rerum est quod. Vitae odit enim sunt pariatur. Expedita earum deleniti totam distinctio. Sunt excepturi expedita corporis nostrum quo minima. Aut omnis aliquid minus saepe veniam quia.'),
(47, 'Vel et aut sapiente aut beatae necessitatibus. Aut esse nobis voluptates et. Explicabo doloremque cumque aut id nostrum corporis quis. Doloremque ad est molestiae libero eos voluptatem odio. Praesentium laborum tenetur nostrum. Eius nobis beatae fugit est accusamus est.'),
(48, 'Doloribus quisquam eum dolor corrupti. In sunt officia suscipit est. Dolore exercitationem inventore accusantium qui rerum. Sit accusantium non perspiciatis perferendis earum enim quia. Doloribus fugit tempore deleniti ratione quia. Explicabo quae ut illum perferendis dolorem sunt illo. Omnis sequi laboriosam unde harum et.'),
(49, 'Assumenda inventore nesciunt voluptatum sit quae sit. Perspiciatis totam nemo sint. Et optio qui necessitatibus ducimus eaque omnis earum consequatur. Ipsam delectus unde ducimus. Perferendis laborum iure illo debitis.'),
(50, 'Laudantium expedita ut dolor est aspernatur voluptas. Voluptatem maiores eveniet itaque sapiente perferendis et odio fugiat. Placeat voluptatem facere nisi tenetur. Cum voluptates autem fugiat dolorum non. Temporibus fuga explicabo est veniam. Quia adipisci et eaque dolores consectetur vitae rem rerum.'),
(51, 'Quidem et repellendus mollitia dolorem. Et dolorum suscipit illum et amet ut saepe. Magnam culpa eaque ut omnis autem suscipit. Praesentium tenetur quasi sequi odio reiciendis expedita quae.'),
(52, 'Rerum non sit consequatur accusantium. Quibusdam modi cupiditate laboriosam nisi eveniet quibusdam. Aliquam quo nesciunt veritatis dolores maiores fugiat iure eaque. Doloribus consectetur totam optio maxime fugiat tenetur impedit et.'),
(53, 'Optio delectus voluptas voluptas esse. Sint velit in nihil cum consequatur culpa maxime. Magni quod iste ab fuga sint voluptatem. Quibusdam magnam magni ab incidunt nobis sint error. Maiores cupiditate rerum aut natus. Harum dignissimos dignissimos quia ab sed. Distinctio recusandae recusandae provident repellendus non.'),
(54, 'Temporibus autem voluptas optio aliquam qui qui dolores. Placeat culpa iure quis labore. Quia adipisci quod quisquam sapiente. Perferendis aliquid unde dolores voluptatibus quia aliquid sint. Veniam quia eveniet placeat dicta. Voluptatum fuga laboriosam et nisi qui.'),
(55, 'Id et culpa voluptatem iusto. Id ex aspernatur praesentium autem eligendi non enim nesciunt. Architecto non aut nobis ea vel assumenda sit. Officia minus harum ex placeat facilis facere quis.'),
(56, 'Quae expedita molestias ab ea iste. Hic id ut eos ipsum accusantium. Illum delectus nesciunt at nostrum id suscipit est. Laboriosam eos aut excepturi ipsum aliquam voluptatem laudantium. Doloremque et nisi aliquid neque quia. Saepe molestiae et saepe atque perferendis.'),
(57, 'Sint quam ut quidem sequi voluptatibus molestiae qui. Perferendis consequuntur ut vel ea fuga. In enim quos hic et dolorem aut. Nobis vel odit ab facere modi sed. Ipsa enim corrupti autem aspernatur occaecati asperiores suscipit commodi. Perspiciatis quos molestias ut commodi quia modi nihil. Pariatur ut dolorum suscipit non.'),
(58, 'Rerum et enim ut ut est animi dicta. Temporibus sunt temporibus minus fugit. Deserunt omnis et sequi. Impedit fugiat amet vitae ut modi atque perferendis.'),
(59, 'Accusamus aliquam eius dicta atque officiis. Nam saepe temporibus ut velit possimus officiis pariatur. Vitae aliquid dolorem consequatur ad et. Velit rerum in exercitationem rerum doloribus aut. Soluta ut sit et sit aut aperiam suscipit. Eaque quae dolorum ut iusto ut distinctio. Optio autem autem eaque tenetur.'),
(60, 'Provident qui distinctio amet veniam explicabo aut velit. Hic tenetur exercitationem mollitia nemo distinctio dignissimos. Earum temporibus amet quaerat voluptatibus qui rem et. Reprehenderit sit vel qui unde ut consequuntur. Asperiores voluptatem maxime deleniti est aut reprehenderit voluptatibus.'),
(61, 'Ut praesentium voluptatem aut quia mollitia recusandae maxime. Iste eos natus adipisci et velit similique culpa. Pariatur neque et est labore asperiores quod id. Quia in eveniet dolor sapiente.'),
(62, 'Doloremque velit sint et enim. Minima et eligendi qui ratione doloribus. Eos eius est unde consequatur exercitationem quasi. Omnis perferendis consequatur et nobis quas ut molestias ipsum. Aut fuga minus in animi. Omnis nobis consequatur iusto possimus.'),
(63, 'Asperiores impedit et minus qui inventore. Error labore odio quia reiciendis incidunt quaerat. Et dolores fuga quis culpa dolores a itaque consequatur. Qui aspernatur excepturi quisquam enim. Iusto qui reprehenderit rerum non.'),
(64, 'Blanditiis maxime minus expedita molestiae iusto quas et debitis. Eum quia possimus consequatur labore nemo tenetur. Veritatis facere incidunt voluptas alias. Modi dolorem aut voluptate et iste.'),
(65, 'Eos similique iusto est est dolores molestias sapiente. Quia quidem quae similique qui repellendus. Sequi maiores odit error voluptatum. Velit quas vel est est voluptatem et est. Soluta inventore ad quo vel qui velit. Id voluptas accusamus quo et consectetur officia ducimus.'),
(66, 'Delectus et dolore perspiciatis omnis doloribus pariatur fuga. Velit ratione et est consequatur voluptas voluptate labore provident. Repellat accusantium aliquid eligendi quia nulla et aliquam. Iure distinctio amet odit omnis quos omnis. Quia qui velit quaerat aut qui. Blanditiis omnis est vitae recusandae odio sit. Voluptatum autem tempore magni tempore.'),
(67, 'Voluptas dicta assumenda eos quod non voluptates et. Voluptatem nesciunt non ut aliquam. Ex dolorem quaerat aspernatur ut. Quia atque nobis doloremque accusantium sed.'),
(68, 'Sint esse laborum cumque neque distinctio. Sit voluptatem qui maiores et odit et et. Sed in nam molestias asperiores. Sit non non quis cumque repudiandae nostrum numquam. Excepturi debitis perspiciatis officia iste qui. Aut autem architecto consectetur laboriosam.'),
(69, 'Libero aspernatur ab doloremque expedita odit laudantium cupiditate. Atque adipisci sapiente neque. Alias quod quam fugiat tenetur. Ut provident voluptas aut laborum.'),
(70, 'Ipsa sit voluptas vel suscipit. Animi nihil voluptate qui. Molestiae optio et quam eaque. Eveniet sit ut dicta quisquam. Impedit doloribus debitis numquam id aut nobis. Quas ex laboriosam a.'),
(71, 'Magnam voluptatem aperiam aut veniam voluptate est sed ratione. Assumenda illo dolor aut dolores nemo consequuntur. Sunt eum doloremque dolor recusandae illo rem quis. Eveniet vel voluptatem labore id aut. Quam ipsa repudiandae et vel laborum.'),
(72, 'Facilis quos doloribus dolorem nihil inventore animi. Nam est sunt voluptate ut et. Voluptatem molestiae ut sunt voluptatem quia. Est quod sed accusamus in at minima. Eligendi nisi commodi dolores hic explicabo.'),
(73, 'Odit quisquam sed facilis suscipit iusto distinctio odio. Aut nisi quis dignissimos vero iste et. Ullam ipsa et animi ex natus. Ad ut aut est repellendus. Omnis aut architecto maiores.'),
(74, 'Tempora minus ut quibusdam iste architecto. Numquam explicabo et aut alias quod deleniti. Corporis quis maiores eos. Rerum laborum at illum earum facilis. Dicta fugiat facilis enim architecto enim doloremque suscipit. Et veritatis possimus quia consequatur itaque.'),
(75, 'Non magni eligendi totam facere delectus. Dolorem est adipisci assumenda quam exercitationem. Iusto totam maiores hic corporis. Magni explicabo laborum quia nostrum in numquam laboriosam aliquid. Expedita quia magnam dolore rerum tempore. Occaecati voluptatibus magni vero rerum nulla explicabo.'),
(76, 'Culpa suscipit alias ducimus perferendis dignissimos deleniti doloribus. Ipsam omnis optio facere sint. Suscipit voluptatem qui odio totam asperiores architecto quis. Eos odit sapiente in quidem similique. Iusto quisquam ipsam minus doloremque dolore ut. Mollitia quia fugiat modi. Cum molestiae accusantium eos et. Velit debitis id eius minus repellendus delectus.'),
(77, 'Similique est quisquam quia minima vitae qui. Quos deleniti labore ut est natus sit. Earum vel omnis molestiae veniam. Impedit cupiditate ut est sit inventore. Sunt ea minus quis consequatur facilis. Est temporibus aut et esse rerum blanditiis.'),
(78, 'Ipsa et nihil recusandae neque. Veniam cupiditate est ratione distinctio. Rerum quia velit est. Cupiditate nihil ducimus consequatur rerum aliquam unde quisquam. Repudiandae aut accusamus et ad sed sed. Ea voluptatem ut nihil ad maxime commodi animi.'),
(79, 'Excepturi amet consequatur consequuntur. Aut vel reprehenderit dolorem. Illo in iste at dolorem quam necessitatibus eum. Illo doloribus ea autem aut placeat magnam aperiam. Alias ullam ut facilis maxime earum et nostrum.'),
(80, 'At adipisci sit ea voluptas numquam eos. Qui qui ab consectetur esse enim. Molestiae non est dolor voluptates. Quia reiciendis autem non repellendus fuga. Beatae unde et culpa placeat ut. Accusantium cupiditate similique et officiis tempora ut id. Voluptatem est quam vitae qui quam deleniti recusandae.'),
(81, 'Ipsam ut aut quasi aut nobis. Quidem dolorem voluptatem enim accusamus assumenda ea consectetur. Ut et sunt molestiae ipsum. Quia fugit laborum fuga beatae accusamus et quaerat. Facilis magni quia blanditiis voluptas et porro. Sint ducimus maxime consequatur nihil aperiam. Commodi nihil vel esse ratione in quasi dolorum voluptas.'),
(82, 'Laudantium similique nam harum mollitia dolorem. Aperiam voluptatem laboriosam aut vero qui reiciendis. Velit beatae iste cumque dignissimos dicta consequatur corrupti. Quae deleniti dignissimos voluptates distinctio sunt dolores.'),
(83, 'Esse quo quasi non voluptas accusantium non quas. Quae sed soluta eius necessitatibus dolorem. Necessitatibus fugit sunt nisi laboriosam sequi dolor fuga. Accusamus enim nostrum dolorum corporis qui totam quis.'),
(84, 'Accusamus ut commodi debitis perspiciatis cupiditate soluta quia. Iste earum assumenda labore ut dolor tenetur impedit. Expedita qui at harum et provident omnis. Soluta atque inventore dignissimos sit.'),
(85, 'Ullam corporis ipsa nulla. Nulla in debitis ut et omnis reiciendis et iusto. Dolor quasi natus ut quis. Esse optio voluptate ratione et illum pariatur impedit. Deserunt rerum consequatur eos. Enim cumque est non aut rerum itaque. Eos non maiores voluptas ratione dolores quia aspernatur doloribus.'),
(86, 'Ducimus tenetur ducimus esse. Corporis quis recusandae quae et ut velit. Sapiente autem eum dolorem aperiam aut aut qui. Velit veniam molestias nihil veniam deleniti ut. Deserunt enim distinctio voluptas. Voluptatibus consequatur quia aut. Ducimus reiciendis molestiae facilis et voluptate.'),
(87, 'Quis esse reprehenderit accusantium minima qui hic aut. Nulla voluptatem quae in. Et laboriosam saepe molestias aut. Et earum sed quas et sit hic aut. Ab dolore maxime eos. Repellendus hic cumque ut quo.'),
(88, 'Dolores et dolores ex hic aspernatur sit. Exercitationem commodi minima dolores architecto. Ducimus aut totam aut magni impedit sit omnis. Sit in nobis enim unde quasi. Sit eos provident qui reiciendis rerum optio officia. Magni sed vero aut iste dolorem ad molestias. Et dolores et temporibus.'),
(89, 'Enim officia dolore corrupti. Unde ducimus architecto tenetur aut nostrum. Totam vel eos aliquam rem cum. Et quia quaerat consequuntur beatae voluptatum magni officia. Et facere rerum iste perferendis id. Omnis laboriosam optio esse quasi illum iure eum sed.'),
(90, 'Omnis voluptatem nostrum laudantium et aut. Molestiae qui officia deleniti. Ipsum reiciendis et consequatur. Necessitatibus quo in totam dicta ut distinctio placeat voluptates.'),
(91, 'Reprehenderit ut laudantium repellendus dolor error. Rerum quaerat autem ratione quibusdam in nesciunt consequatur sit. Rerum esse beatae est ipsam voluptate quos. Temporibus et animi saepe eius sapiente omnis.'),
(92, 'Fugit ipsum omnis animi inventore alias. Error sunt sequi non ipsa quisquam. Nobis qui nihil voluptas et et occaecati tenetur. Neque quasi qui quis qui similique dolorum qui ut.'),
(93, 'Sed omnis neque illum accusamus. Perspiciatis officiis nulla laudantium incidunt nemo consectetur rerum. Tempora et modi ea quasi laboriosam itaque. Quo assumenda dolor neque suscipit optio. Sint ut velit hic et enim at aut nisi. Officiis voluptate at corrupti aut ipsum fugit.'),
(94, 'Dolores quia amet maxime harum ducimus quia cumque. Occaecati alias voluptas reprehenderit rerum voluptatem praesentium quibusdam. Saepe ut eos inventore ipsam excepturi culpa autem est. Voluptatem qui dolores voluptatem natus quibusdam placeat. Optio autem corrupti error molestiae quo reprehenderit laudantium.'),
(95, 'Aperiam tenetur consequatur nam. Temporibus at dolore labore ut aperiam aut voluptatem. Odio qui et consequatur qui fugiat aut. Facilis sed veritatis soluta perferendis eos. Dignissimos qui quo maiores aut consequatur illo voluptas. Ut consequuntur ut velit ullam quam dolorum. Repellat sit maiores laboriosam eum.'),
(96, 'Exercitationem praesentium a culpa labore repudiandae id debitis. Nihil adipisci eum sed accusamus aut suscipit est et. Beatae dolor numquam eligendi accusamus officiis voluptas mollitia. Ut aspernatur recusandae voluptate vitae eaque in et.'),
(97, 'Cumque facere at distinctio voluptatem. Odit qui ut dolor ut et suscipit. Incidunt beatae beatae in voluptates autem. Qui neque ut sint quasi vitae sed sint. Architecto quibusdam et esse cumque maxime dolores. Nulla qui beatae natus. Omnis sint labore accusantium quis.'),
(98, 'Deleniti velit iusto nobis. Et natus aut voluptatibus et. Maiores est omnis nihil quia aut corporis. Recusandae ratione corrupti nemo enim hic.'),
(99, 'Voluptates sunt et dolorem earum quos. Perferendis sit soluta deleniti. Sed molestiae consectetur ipsum veniam. Illum porro ipsa adipisci.'),
(100, 'Molestiae rerum labore mollitia earum veritatis omnis non. Ab laboriosam soluta similique earum odit non vel velit. Rerum quia facere sed. Qui possimus qui qui nam omnis vitae. Aliquam dolorem quia ut quia ut amet ut quae.'),
(101, 'Lorem ipsum dolor sit amet consectetur adipisicing elit. Maxime mollitia,\r\nmolestiae quas vel sint commodi repudiandae consequuntur voluptatum laborum\r\nnumquam blanditiis harum quisquam eius sed odit fugiat iusto fuga praesentium\r\noptio, eaque rerum! Provident similique accusantium nemo autem. Veritatis\r\nobcaecati tenetur iure eius earum ut molestias architecto voluptate aliquam\r\nnihil,'),
(118, 'Test Post'),
(119, 'POst1');

-- --------------------------------------------------------

--
-- Table structure for table `Post`
--

CREATE TABLE `Post` (
  `id` int(11) NOT NULL,
  `id_user` int(11) NOT NULL,
  `date` bigint(20) DEFAULT NULL,
  `heure` datetime DEFAULT NULL
) ENGINE=InnoDB DEFAULT CHARSET=utf8mb4 COLLATE=utf8mb4_general_ci;

--
-- Dumping data for table `Post`
--

INSERT INTO `Post` (`id`, `id_user`, `date`, `heure`) VALUES
(1, 76, 1132543059, '2005-11-21 03:17:39'),
(2, 81, 1623076218, '2021-06-07 15:30:18'),
(3, 76, 1601179206, '2020-09-27 05:00:06'),
(4, 50, 822704307, '1996-01-27 00:58:27'),
(5, 53, 442101726, '1984-01-04 22:02:06'),
(6, 8, 229514475, '1977-04-10 10:01:15'),
(7, 88, 888071823, '1998-02-21 14:37:03'),
(8, 66, 296622999, '1979-05-27 03:16:39'),
(9, 54, 493638059, '1985-08-23 10:40:59'),
(10, 23, 891052253, '1998-03-28 02:30:53'),
(11, 39, 306579432, '1979-09-19 08:57:12'),
(12, 16, 648170403, '1990-07-16 23:20:03'),
(13, 86, 1018672253, '2002-04-13 04:30:53'),
(14, 31, 156159383, '1974-12-13 09:36:23'),
(15, 54, 900857228, '1998-07-19 14:07:08'),
(16, 82, 828244273, '1996-03-31 03:51:13'),
(17, 2, 1581608066, '2020-02-13 16:34:26'),
(18, 50, 1444078002, '2015-10-05 21:46:42'),
(19, 15, 1612384495, '2021-02-03 21:34:55'),
(20, 94, 1561802971, '2019-06-29 11:09:31'),
(21, 82, 646837258, '1990-07-01 13:00:58'),
(22, 90, 150902985, '1974-10-13 13:29:45'),
(23, 65, 1337913417, '2012-05-25 03:36:57'),
(24, 80, 1403291901, '2014-06-20 20:18:21'),
(25, 88, 248541666, '1977-11-16 15:21:06'),
(26, 70, 1681997523, '2023-04-20 13:32:03'),
(27, 30, 1624695866, '2021-06-26 09:24:26'),
(28, 12, 142006888, '1974-07-02 15:21:28'),
(29, 16, 1326349737, '2012-01-12 06:28:57'),
(30, 52, 341847393, '1980-10-31 13:36:33'),
(31, 68, 113362064, '1973-08-05 01:27:44'),
(32, 36, 1358450315, '2013-01-17 19:18:35'),
(33, 82, 449637253, '1984-04-01 04:14:13'),
(34, 62, 1109043770, '2005-02-22 03:42:50'),
(35, 90, 1114906907, '2005-05-01 00:21:47'),
(36, 11, 1104141808, '2004-12-27 10:03:28'),
(37, 90, 941480738, '1999-11-01 18:25:38'),
(38, 74, 1533430065, '2018-08-05 01:47:45'),
(39, 2, 1463156075, '2016-05-13 17:14:35'),
(40, 8, 1627422335, '2021-07-27 22:45:35'),
(41, 57, 249000648, '1977-11-21 22:50:48'),
(42, 4, 1663346105, '2022-09-16 17:35:05'),
(43, 74, 11159984, '1970-05-10 03:59:44'),
(44, 15, 1416209783, '2014-11-17 07:36:23'),
(45, 4, 973115076, '2000-11-01 21:44:36'),
(46, 8, 1410934603, '2014-09-17 07:16:43'),
(47, 37, 1144977230, '2006-04-14 01:13:50'),
(48, 43, 928513974, '1999-06-04 16:32:54'),
(49, 27, 185247648, '1975-11-15 01:40:48'),
(50, 26, 728434803, '1993-01-30 23:00:03'),
(51, 26, 366143278, '1981-08-08 18:27:58'),
(52, 86, 899315138, '1998-07-01 17:45:38'),
(53, 70, 1080327614, '2004-03-26 19:00:14'),
(54, 49, 849679580, '1996-12-04 06:06:20'),
(55, 65, 938620999, '1999-09-29 16:03:19'),
(56, 17, 1039543112, '2002-12-10 17:58:32'),
(57, 56, 757561209, '1994-01-03 01:40:09'),
(58, 95, 673713769, '1991-05-08 14:42:49'),
(59, 98, 1092474540, '2004-08-14 09:09:00'),
(60, 33, 433860395, '1983-10-01 12:46:35'),
(61, 39, 849264374, '1996-11-29 10:46:14'),
(62, 80, 1594307902, '2020-07-09 16:18:22'),
(63, 49, 434745290, '1983-10-11 18:34:50'),
(64, 57, 662503800, '1990-12-29 20:50:00'),
(65, 48, 973761059, '2000-11-09 09:10:59'),
(66, 12, 787352212, '1994-12-13 20:56:52'),
(67, 53, 1065582635, '2003-10-08 03:10:35'),
(68, 74, 737402642, '1993-05-14 18:04:02'),
(69, 32, 898715654, '1998-06-24 19:14:14'),
(70, 91, 741063233, '1993-06-26 02:53:53'),
(71, 58, 1568627558, '2019-09-16 10:52:38'),
(72, 38, 1279547826, '2010-07-19 14:57:06'),
(73, 71, 1628338518, '2021-08-07 13:15:18'),
(74, 38, 836091640, '1996-06-29 23:40:40'),
(75, 29, 166304495, '1975-04-09 19:41:35'),
(76, 29, 1078424690, '2004-03-04 18:24:50'),
(77, 29, 1236534345, '2009-03-08 17:45:45'),
(78, 57, 1459963048, '2016-04-06 18:17:28'),
(79, 93, 1398215508, '2014-04-23 02:11:48'),
(80, 77, 939208885, '1999-10-06 11:21:25'),
(81, 53, 528511954, '1986-10-01 00:52:34'),
(82, 80, 1006670472, '2001-11-25 06:41:12'),
(83, 86, 883421028, '1997-12-29 18:43:48'),
(84, 77, 609593061, '1989-04-26 11:24:21'),
(85, 81, 1338147401, '2012-05-27 20:36:41'),
(86, 63, 1006970799, '2001-11-28 18:06:39'),
(87, 55, 977376128, '2000-12-21 05:22:08'),
(88, 84, 878155218, '1997-10-29 20:00:18'),
(89, 30, 1638409560, '2021-12-02 02:46:00'),
(90, 99, 1465827239, '2016-06-13 14:13:59'),
(91, 21, 402646315, '1982-10-05 06:11:55'),
(92, 54, 1400353153, '2014-05-17 19:59:13'),
(93, 7, 992028682, '2001-06-08 19:31:22'),
(94, 94, 1337065410, '2012-05-15 08:03:30'),
(95, 47, 612311823, '1989-05-27 22:37:03'),
(96, 72, 547136244, '1987-05-04 14:17:24'),
(97, 50, 1047273160, '2003-03-10 05:12:40'),
(98, 8, 332472817, '1980-07-15 01:33:37'),
(99, 26, 60878235, '1971-12-06 14:37:15'),
(100, 29, 563006663, '1987-11-04 06:44:23'),
(119, 1, 1713274936, NULL),
(120, 1, 1713275986, NULL);

-- --------------------------------------------------------

--
-- Table structure for table `Resource`
--

CREATE TABLE `Resource` (
  `id` int(11) NOT NULL,
  `id_post` int(11) NOT NULL,
  `name` varchar(255) DEFAULT NULL,
  `type` enum('MESSAGE','PHOTO_VIDEO','WEB_LINK') NOT NULL
) ENGINE=InnoDB DEFAULT CHARSET=utf8mb4 COLLATE=utf8mb4_general_ci;

--
-- Dumping data for table `Resource`
--

INSERT INTO `Resource` (`id`, `id_post`, `name`, `type`) VALUES
(1, 46, 'Error officiis aut animi rerum. Doloribus distinctio cu', 'MESSAGE'),
(2, 95, 'Rem a quis nesciunt quas praesentium. Est magni ut vel ', 'MESSAGE'),
(3, 66, 'Omnis quas dignissimos ut facilis. Autem facilis eum ra', 'MESSAGE'),
(4, 1, 'Alias debitis quam atque nostrum magni. Minus facilis q', 'MESSAGE'),
(5, 32, 'Quaerat sunt veritatis sed at qui adipisci dolorem. Sit', 'MESSAGE'),
(6, 74, 'Voluptate voluptas a dignissimos et quos totam est. Iur', 'MESSAGE'),
(7, 72, 'Explicabo distinctio iste ullam. Ut facere vel odit. Ip', 'MESSAGE'),
(8, 90, 'Et sed incidunt qui omnis deleniti quos nam ipsam. Solu', 'MESSAGE'),
(9, 57, 'Eos vero minus architecto nostrum quae dolorem ipsum. R', 'MESSAGE'),
(10, 57, 'Eos officia consequatur autem. Quia odit aut adipisci s', 'MESSAGE'),
(11, 48, 'Inventore cumque deserunt nam. Ea voluptatem vitae accu', 'MESSAGE'),
(12, 14, 'Quae sunt adipisci consequatur rerum et ea aut. Et solu', 'MESSAGE'),
(13, 20, 'Harum iure vitae aut dolores odio voluptatem. Voluptas ', 'MESSAGE'),
(14, 73, 'Excepturi nostrum similique sed quia praesentium. Debit', 'MESSAGE'),
(15, 97, 'Deserunt id ducimus saepe perspiciatis quibusdam nihil.', 'MESSAGE'),
(16, 90, 'Laborum perspiciatis et dolore dolore rerum. Quia eius ', 'MESSAGE'),
(17, 79, 'Cum minima optio eligendi dolor laudantium sint aperiam', 'MESSAGE'),
(18, 77, 'Laboriosam blanditiis qui debitis voluptates sed eum vo', 'MESSAGE'),
(19, 16, 'Et non officia rerum dolorem veritatis voluptatibus qui', 'MESSAGE'),
(20, 35, 'Aut possimus animi deleniti eaque. Quo facilis dolorum ', 'MESSAGE'),
(21, 61, 'Eligendi ex non et quaerat tempore. Magni ipsam laborio', 'MESSAGE'),
(22, 98, 'Non totam eius praesentium qui. Non excepturi sint amet', 'MESSAGE'),
(23, 30, 'Vel fuga deleniti omnis. Asperiores consequatur eum est', 'MESSAGE'),
(24, 41, 'Quia ratione autem asperiores culpa dolorem aut commodi', 'MESSAGE'),
(25, 87, 'Laudantium in molestiae aspernatur laborum ex sed. Ipsu', 'MESSAGE'),
(26, 34, 'Eum quia fugiat non cupiditate dolorem. Dolore atque od', 'MESSAGE'),
(27, 5, 'Soluta veniam minima et aut. Aut amet quis doloremque o', 'MESSAGE'),
(28, 27, 'Ratione rerum rem ut debitis. Corrupti aut nemo cum. Qu', 'MESSAGE'),
(29, 61, 'Ipsum qui provident sit eum sed. Eius ad repellendus as', 'MESSAGE'),
(30, 38, 'Esse consequatur quo doloremque magnam cum deserunt. Vo', 'MESSAGE'),
(31, 94, 'Voluptate est et quae doloribus. Vel tempora quam provi', 'MESSAGE'),
(32, 15, 'Esse ipsa rerum voluptatem et aperiam officiis in in. S', 'MESSAGE'),
(33, 32, 'Eius voluptate sed dignissimos dolores vitae eos. Disti', 'MESSAGE'),
(34, 53, 'Autem odio at veniam voluptatem corporis animi tempore.', 'MESSAGE'),
(35, 10, 'Molestiae reprehenderit nostrum fuga dolores excepturi.', 'MESSAGE'),
(36, 5, 'Corrupti iure nobis quia est eligendi voluptas adipisci', 'MESSAGE'),
(37, 33, 'Id earum aut sunt sed qui autem. Consequatur voluptatum', 'MESSAGE'),
(38, 35, 'Dolor reiciendis quas odio a sed velit. Dolores quo fug', 'MESSAGE'),
(39, 59, 'Libero temporibus magnam sed necessitatibus magnam qui.', 'MESSAGE'),
(40, 33, 'Neque facilis beatae autem sit voluptatum repudiandae. ', 'MESSAGE'),
(41, 38, 'Et praesentium maxime fugit in velit voluptatem consequ', 'MESSAGE'),
(42, 91, 'Minus eos suscipit eum sint quia soluta. Modi aperiam s', 'MESSAGE'),
(43, 66, 'Explicabo error saepe omnis dolores nihil molestiae et.', 'MESSAGE'),
(44, 76, 'Nesciunt dolor voluptate molestiae harum. Ullam molesti', 'MESSAGE'),
(45, 31, 'Aut rerum rerum corrupti aperiam. Id qui quod eveniet. ', 'MESSAGE'),
(46, 21, 'Suscipit illum consequatur voluptas quisquam ipsum offi', 'MESSAGE'),
(47, 41, 'Ipsa veniam mollitia numquam molestiae. Ab aut sint ull', 'MESSAGE'),
(48, 85, 'Non et molestias qui ut earum quasi. A accusamus adipis', 'MESSAGE'),
(49, 14, 'Reiciendis enim ratione et officiis est fugit et reicie', 'MESSAGE'),
(50, 78, 'Quasi ab omnis suscipit corrupti nam. Dolorum eveniet i', 'MESSAGE'),
(51, 15, 'Voluptas eos animi ratione quia. Hic sed et et minus vo', 'MESSAGE'),
(52, 45, 'Ipsam vel qui tempora occaecati non. Inventore veritati', 'MESSAGE'),
(53, 31, 'Velit vitae doloremque et cupiditate quia alias. Molest', 'MESSAGE'),
(54, 16, 'Voluptas eos et nisi vero. Nisi velit omnis esse volupt', 'MESSAGE'),
(55, 26, 'Ut dolores voluptas consequatur numquam excepturi asper', 'MESSAGE'),
(56, 64, 'Voluptas aut dicta debitis minus commodi nisi voluptate', 'MESSAGE'),
(57, 6, 'Quae consequatur nihil earum eum sed qui incidunt. Reru', 'MESSAGE'),
(58, 99, 'Consequatur incidunt inventore dolores distinctio place', 'MESSAGE'),
(59, 51, 'Assumenda omnis laborum veniam sapiente odio. Earum ut ', 'MESSAGE'),
(60, 53, 'Voluptate nihil non molestiae voluptatibus in. Ratione ', 'MESSAGE'),
(61, 57, 'Ut sunt totam error ipsum qui facere. Exercitationem do', 'MESSAGE'),
(62, 21, 'Iure et quos consequuntur incidunt facilis voluptas sed', 'MESSAGE'),
(63, 16, 'Omnis maxime facere sed nihil est dolor sed mollitia. C', 'MESSAGE'),
(64, 81, 'Dicta culpa nulla accusantium. Quis qui quisquam archit', 'MESSAGE'),
(65, 34, 'Et cupiditate ipsam quis aut cupiditate labore dignissi', 'MESSAGE'),
(66, 21, 'Consequatur dolor et officia qui. Rerum vitae est aliqu', 'MESSAGE'),
(67, 27, 'Asperiores velit voluptas corrupti qui explicabo qui et', 'MESSAGE'),
(68, 16, 'Ut voluptas dolor vero temporibus possimus quidem. Sunt', 'MESSAGE'),
(69, 40, 'Explicabo expedita ut officiis dolore nemo. Aliquid sit', 'MESSAGE'),
(70, 46, 'Consequatur sit deleniti quisquam ipsa. Ab voluptatibus', 'MESSAGE'),
(71, 68, 'Earum ab impedit voluptatibus aperiam voluptates dolore', 'MESSAGE'),
(72, 41, 'Quia vel cumque corrupti aut ea ea. Molestias et volupt', 'MESSAGE'),
(73, 13, 'Sit ducimus laborum reiciendis itaque quas non. Dolor a', 'MESSAGE'),
(74, 25, 'Cumque fugit qui esse et voluptatum exercitationem. Non', 'MESSAGE'),
(75, 99, 'Quia explicabo in voluptas sequi autem. Voluptas molest', 'MESSAGE'),
(76, 72, 'Eligendi odio voluptatem tempore dolorum officia volupt', 'MESSAGE'),
(77, 24, 'Animi blanditiis iure expedita illum. Est sequi esse vo', 'MESSAGE'),
(78, 88, 'Ipsam dolores dicta illum est autem assumenda eaque. Et', 'MESSAGE'),
(79, 43, 'Magnam unde consequatur voluptas id delectus totam porr', 'MESSAGE'),
(80, 52, 'Tempore alias magni ipsum neque. Est rem eius iure sit ', 'MESSAGE'),
(81, 46, 'Assumenda dolor laboriosam magni blanditiis perspiciati', 'MESSAGE'),
(82, 16, 'Ab repellendus laboriosam natus non. Doloribus aut saep', 'MESSAGE'),
(83, 42, 'Distinctio soluta at odio. Consequatur placeat laborios', 'MESSAGE'),
(84, 23, 'In alias incidunt neque odit. Laboriosam eos consequatu', 'MESSAGE'),
(85, 16, 'Corrupti expedita ut nulla et consequatur esse. Dolorem', 'MESSAGE'),
(86, 73, 'Pariatur repudiandae mollitia magnam fugit. Dolorum max', 'MESSAGE'),
(87, 21, 'Architecto velit vero nulla est nemo sit dicta. Quis im', 'MESSAGE'),
(88, 5, 'Sit est magni sit tempora voluptatem aspernatur. Dolor ', 'MESSAGE'),
(89, 1, 'Et repellendus autem molestiae labore modi. Omnis archi', 'MESSAGE'),
(90, 69, 'Dolores est dolorem aut asperiores consectetur eligendi', 'MESSAGE'),
(91, 31, 'Temporibus facere rerum eaque explicabo. Ipsum accusamu', 'MESSAGE'),
(92, 73, 'Libero velit voluptates autem nemo. Velit iure voluptat', 'MESSAGE'),
(93, 55, 'Molestiae libero dolore ex facilis ex veniam necessitat', 'MESSAGE'),
(94, 34, 'Quia explicabo est quidem alias molestias impedit sint.', 'MESSAGE'),
(95, 5, 'Minima voluptatibus similique doloremque sit commodi ex', 'MESSAGE'),
(96, 86, 'Consequatur eveniet repellat voluptatibus pariatur eos ', 'MESSAGE'),
(97, 49, 'Est dignissimos nihil optio rem a quidem reprehenderit.', 'MESSAGE'),
(98, 36, 'Consequatur molestiae reiciendis id nam et perferendis ', 'MESSAGE'),
(99, 46, 'Quo facilis nam sunt quas a. Illum voluptas consequuntu', 'MESSAGE'),
(100, 58, 'Necessitatibus error minima qui libero. Voluptatibus ex', 'MESSAGE'),
(101, 83, 'Hand made resource', 'MESSAGE'),
(118, 119, NULL, 'MESSAGE'),
(119, 120, NULL, 'MESSAGE');

-- --------------------------------------------------------

--
-- Table structure for table `Tokens`
--

CREATE TABLE `Tokens` (
  `id` int(11) NOT NULL,
  `id_user` int(11) NOT NULL,
  `email` varchar(255) NOT NULL,
  `token` varchar(255) NOT NULL,
  `expiration_date` bigint(20) NOT NULL
) ENGINE=InnoDB DEFAULT CHARSET=utf8mb4 COLLATE=utf8mb4_general_ci;

-- --------------------------------------------------------

--
-- Table structure for table `User`
--

CREATE TABLE `User` (
  `id` int(11) NOT NULL,
  `profile_picture` text DEFAULT NULL,
  `last_name` varchar(255) NOT NULL,
  `first_name` varchar(255) NOT NULL,
  `email` varchar(255) NOT NULL,
  `pass` varchar(255) NOT NULL,
  `phone` varchar(20) DEFAULT NULL,
  `address` varchar(100) DEFAULT NULL,
  `birth_date` date DEFAULT NULL,
  `gender` varchar(10) DEFAULT NULL,
  `about_me` text DEFAULT NULL,
  `other_name` varchar(50) DEFAULT NULL,
  `favorite_quote` text DEFAULT NULL
) ENGINE=InnoDB DEFAULT CHARSET=utf8mb4 COLLATE=utf8mb4_general_ci;

--
-- Dumping data for table `User`
--

INSERT INTO `User` (`id`, `profile_picture`, `last_name`, `first_name`, `email`, `pass`, `phone`, `address`, `birth_date`, `gender`, `about_me`, `other_name`, `favorite_quote`) VALUES
(1, 'https://loremflickr.com/600/400/people/', 'Taidong', 'Katrina', 'is2m.9806@gmail.com', 'passwordy', '1-326-082-4251', '292 Marquis Village Suite 481\r\nSouth Harvey, KY 19304-5188\r\n                          ', '1978-12-18', 'Male', 'Mocky Turtle sighed deeply, and began, in a hurried nervous manner, smiling at everything about her, to pass away the time. Alice had not gone (We know it was only too glad to find that the cause of this rope--Will the roof of the tail, and ending with.\r\n                        ', 'Salman TQALYA', 'Favorite Voluptatem ut officia unde dolores delectus sed voluptates qui. Quae dolores quam commodi quasi qui sed. Hic qui dicta at ipsa laudantium et aut qui. Est labore voluptatibus eos unde. Ad hic nulla quas iste eligendi quis deleniti.'),
(2, 'https://loremflickr.com/600/400/people/', 'Bayer', 'Savanah', 'yomeyis633@kravify.com', 'passwordy', '1-160-494-9879x0365', '672 Rudolph Mews\nLake Carmenmouth, WI 04457', '1971-08-26', 'Male', 'Mock Turtle drew a long breath, and till the eyes appeared, and then keep tight hold of this remark, and thought it must make me larger, it must be removed,\' said the Footman, and began picking them up again as she went on again:-- \'I didn\'t mean it!\'.', 'quia', 'Temporibus neque est voluptas maiores harum. Sunt ea voluptate quibusdam illo temporibus aut. Non numquam ex quasi quam ipsum labore. Nesciunt aut architecto enim aliquam expedita. Est consequatur et aut et enim quisquam numquam aut.'),
(3, 'https://loremflickr.com/600/400/people/', 'Langworth', 'Santa', 'kinajap644@kravify.com', 'qwertyuiop', '318.531.8274x71688', '149 Tremblay Mews\nLake Ashleighview, SD 77679', '1995-12-12', 'Female', 'Caterpillar. \'Well, perhaps you were down here with me! There are no mice in the air: it puzzled her a good deal to come out among the branches, and every now and then, and holding it to make ONE respectable person!\' Soon her eye fell upon a time she.', 'maxime', 'Magnam sit harum quaerat magnam et tempora aut rerum. Sint nam aliquam et aut unde. Quis est omnis nihil ipsam. Qui maxime natus qui sit. Ex quia molestiae voluptatem et sequi.'),
(4, 'https://loremflickr.com/600/400/people/', 'O\'Hara', 'Lottie', 'podaxo3325@agaseo.com', 'pass1234', '(025)635-2934x826', '691 Doyle Overpass Apt. 247\nNorth Declan, ND 02452-7151', '2007-05-24', 'Female', 'VERY turn-up nose, much more like a Jack-in-the-box, and up I goes like a frog; and both footmen, Alice noticed, had powdered hair that curled all over with William the Conqueror.\' (For, with all their simple joys, remembering her own child-life, and.', 'quasi', 'Non doloremque consectetur voluptas officia laboriosam cumque quas accusantium. Soluta temporibus nesciunt ut repellat perferendis. Quasi cum similique deserunt nam culpa veritatis voluptatem. Labore nemo quisquam exercitationem itaque. Dicta dignissimos maiores officia omnis. Aut quaerat exercitationem sit beatae voluptatem deleniti.'),
(5, 'https://loremflickr.com/600/400/people/', 'Quigley', 'Ottilie', 'mollie83@example.org', 'pass1234', '018.077.7437', '678 Lexie Springs\nEarlchester, NV 06133-4721', '1996-04-26', 'Male', 'Who in the grass, merely remarking as it could go, and broke to pieces against one of the lefthand bit. * * * * \'What a curious feeling!\' said Alice; \'all I know all sorts of little Alice was soon submitted to by the officers of the court. \'What do you.', 'quos', 'Et sit nihil corrupti voluptate. Rem architecto velit non aperiam atque id fugit numquam. Quis possimus sequi consequatur. Voluptatem blanditiis et numquam dolores aliquid impedit quisquam. Blanditiis numquam culpa aut necessitatibus rerum voluptas. Facere velit dolorum vitae quae. Ad tempora voluptatibus modi amet tempora facilis.'),
(6, 'https://loremflickr.com/600/400/people/', 'Ondricka', 'Fannie', 'tokuneva@example.com', 'pass1234', '1-151-899-0434x565', '09576 Nikolaus Centers Apt. 940\nNew Flavioberg, PA 50461-9222', '2019-12-07', 'Female', 'I wonder if I would talk on such a hurry to change the subject of conversation. \'Are you--are you fond--of--of dogs?\' The Mouse gave a little timidly, \'why you are painting those roses?\' Five and Seven said nothing, but looked at Alice. \'It must have a.', 'reprehenderit', 'Dicta ut delectus qui eum est perspiciatis dolore velit. Sed cumque sequi consequatur sint quis a necessitatibus. Ad itaque officiis consectetur exercitationem. Molestiae dolorem ut amet quae ab deleniti facilis eos. Et qui repellendus recusandae blanditiis illo. Esse id ut tenetur nihil expedita sed.'),
(7, 'https://loremflickr.com/600/400/people/', 'Buckridge', 'Travis', 'co\'conner@example.org', 'password', '04588162946', '829 Marshall Road Suite 693\nEast Marleeport, AR 09151-1970', '2014-09-16', 'Female', 'Gryphon answered, very nearly carried it off. \'If everybody minded their own business,\' the Duchess said to herself. \'Of the mushroom,\' said the Dormouse, and repeated her question. \'Why did they draw?\' said Alice, (she had grown to her daughter \'Ah, my.', 'saepe', 'Laborum aut ea est ratione. Sint ab natus et fugit doloribus laudantium. Doloribus dicta veniam qui sed necessitatibus suscipit sunt at. Rerum aliquid voluptas dicta dolorum tenetur totam ut.'),
(8, 'https://loremflickr.com/600/400/people/', 'Little', 'Adelle', 'pschuster@example.net', '123456', '605.893.1003x25528', '0121 Nasir Fort\nHegmannburgh, DC 98628', '2024-01-03', 'Female', 'IS the same age as herself, to see what the name of the treat. When the procession came opposite to Alice, very loudly and decidedly, and the two sides of the other queer noises, would change to dull reality--the grass would be worth the trouble of.', 'id', 'Impedit quo quia ipsa accusamus et. Libero cum impedit dolorem. Debitis rerum natus eum odit. Unde natus ipsa ut harum. Voluptatibus ratione illo adipisci qui voluptatem ipsum debitis aperiam. Molestias et delectus nesciunt veritatis ipsa aut rerum velit. Aut ut cum facere eos at voluptatem asperiores.'),
(9, 'https://loremflickr.com/600/400/people/', 'Torphy', 'Dariana', 'mchamplin@example.net', 'password', '640-876-8773x2424', '6302 Berge Ferry\nGermaineville, NE 51743-4980', '1980-03-19', 'Male', 'Wonderland of long ago: and how she would have called him a fish)--and rapped loudly at the time she had never left off sneezing by this very sudden change, but very glad to find that she looked back once or twice, and shook itself. Then it got down off.', 'quia', 'Atque aliquid officiis quas ad eum. Id sed fuga vel ratione. Vitae explicabo omnis est molestiae ad ad sed. Amet nisi non occaecati nemo et. Temporibus accusamus perspiciatis quia dolores doloremque dolorum. Nostrum voluptates eveniet alias qui aliquid. Quo et dolor praesentium quam qui molestiae. Nulla pariatur dolor perferendis quis.'),
(10, 'https://loremflickr.com/600/400/people/', 'D\'Amore', 'Jakob', 'sswift@example.net', 'pass1234', '697-272-9519x7108', '225 Schuster Well Apt. 495\nAbigalefurt, KY 64161-7888', '1991-01-23', 'Female', 'Good-bye, feet!\' (for when she turned the corner, but the Dormouse crossed the court, by the time he had come back again, and all that,\' he said to the voice of the doors of the officers: but the Dormouse followed him: the March Hare. \'Then it wasn\'t.', 'necessitatibus', 'Rerum est eveniet quia pariatur vel aut quia tenetur. A reiciendis natus dolor earum quae non porro. Quibusdam dolore nesciunt voluptatem sunt est. Tenetur quisquam et ipsum molestiae pariatur quia. Dolorem sit in excepturi neque veniam quas.'),
(11, 'https://loremflickr.com/600/400/people/', 'Wisozk', 'Tyrell', 'laxawe6373@iliken.com', '123456', '1-678-394-4046x327', '67905 Kohler Streets\nBillyfurt, MS 14747', '1973-11-10', 'Female', 'Cat. \'I said pig,\' replied Alice; \'and I do so like that curious song about the games now.\' CHAPTER X. The Lobster Quadrille is!\' \'No, indeed,\' said Alice. \'Then it ought to be sure, she had wept when she was peering about anxiously among the trees, a.', 'sunt', 'Est mollitia qui sit quis est cum iste. Adipisci deleniti dolor soluta quia ducimus. Suscipit optio autem adipisci explicabo dolor sed eaque. Repellat consequatur fugit deserunt dolorem ut voluptatum. Maxime earum est modi non dolorum ex error. Rerum debitis quos et occaecati ut hic.'),
(12, 'https://loremflickr.com/600/400/people/', 'Cartwright', 'Parker', 'alice.hagenes@example.com', 'qwertyuiop', '937.898.2061', '1579 Zoie Lane Apt. 611\nNew Urielfurt, NJ 67392-8808', '2002-04-17', 'Male', 'She pitied him deeply. \'What is his sorrow?\' she asked the Gryphon, and, taking Alice by the little golden key and hurried upstairs, in great fear lest she should push the matter worse. You MUST have meant some mischief, or else you\'d have signed your.', 'et', 'Impedit qui facilis qui explicabo voluptatem molestiae fugit. Velit modi exercitationem libero id. Dolor officia quibusdam qui. Repudiandae sed occaecati esse repellat alias voluptatum sit hic. Qui aut id et perspiciatis omnis facere. Expedita et et nemo incidunt.'),
(13, 'https://loremflickr.com/600/400/people/', 'Adams', 'Heather', 'kali64@example.com', 'pass1234', '536.914.9611', '02806 Eliane Prairie Suite 370\nPort Dustin, IN 36515-3142', '2000-03-13', 'Male', 'White Rabbit with pink eyes ran close by it, and then said, \'It WAS a curious dream, dear, certainly: but now run in to your tea; it\'s getting late.\' So Alice got up this morning? I almost wish I\'d gone to see the Queen. \'Never!\' said the Dormouse, who.', 'facere', 'Vel nihil quisquam laborum voluptatum consequuntur quaerat distinctio hic. Qui nihil harum quae saepe et nihil itaque. Eveniet qui ullam laborum et repellendus. Nam magni et culpa. Enim ut minima placeat nobis. Aut ipsa repudiandae eligendi blanditiis omnis facere. Neque optio tenetur iste placeat.'),
(14, 'https://loremflickr.com/600/400/people/', 'Tromp', 'Romaine', 'bosco.rhoda@example.net', '123456', '(173)709-0984x0035', '179 Zulauf Port Apt. 141\nAnnahaven, WI 50363', '1972-01-12', 'Female', 'Mock Turtle, capering wildly about. \'Change lobsters again!\' yelled the Gryphon went on. \'Would you like the tone of great relief. \'Now at OURS they had to ask the question?\' said the Mock Turtle at last, with a sigh: \'he taught Laughing and Grief, they.', 'et', 'Est cupiditate ea quasi quo consequatur dolorem exercitationem. Iusto optio exercitationem reiciendis ut magni. Aut voluptatem veritatis veritatis vero et et sint. Enim enim dignissimos officiis incidunt fugiat molestias. Molestiae ducimus rerum recusandae sed architecto. Quos omnis id maxime voluptatibus. Sunt nihil non quia nisi non et rerum voluptas.'),
(15, 'https://loremflickr.com/600/400/people/', 'Stark', 'Jonatan', 'herman.glenna@example.net', '123456', '975-344-3829x77197', '59928 Larkin Walk\nEast Demarcostad, WY 97084', '1974-12-30', 'Female', 'I do,\' said Alice indignantly. \'Ah! then yours wasn\'t a bit hurt, and she thought there was generally a frog or a worm. The question is, what did the archbishop find?\' The Mouse looked at the cook, and a large mustard-mine near here. And the Gryphon.', 'quae', 'Odit velit occaecati consequatur est et nisi. Delectus dolorum odit sed aliquam id voluptatem. Fugit et dolorem fuga sed unde quas quia quisquam. Dignissimos laudantium earum molestias nulla soluta. Consequatur voluptates eos aut beatae. Maiores voluptatum officia quas suscipit quibusdam nulla.'),
(16, 'https://loremflickr.com/600/400/people/', 'Fadel', 'Lonie', 'kohler.cordia@example.net', 'password', '377-766-8137', '1505 Thompson Square\nKassulkeville, AK 65421-7813', '2010-02-17', 'Male', 'I grow at a reasonable pace,\' said the Pigeon; \'but I must go and take it away!\' There was certainly English. \'I don\'t think it\'s at all know whether it was neither more nor less than no time she\'d have everybody executed, all round. \'But she must have.', 'fuga', 'Error est tempora nam et ut sint sint reprehenderit. Eius et voluptatem odio ducimus eum in. Amet id animi laborum eaque quia saepe ipsa. Dolores mollitia illo voluptatem quos non nulla molestiae quis. Accusantium rem iusto ducimus ut qui corrupti et. Dicta sequi consequatur et aut. Accusantium repudiandae minima non vel.'),
(17, 'https://loremflickr.com/600/400/people/', 'Considine', 'Chet', 'nyah75@example.com', 'pass1234', '680-075-8787x49954', '16912 Yost Points\nPort Era, AR 91850-5540', '1980-04-12', 'Male', 'Dinah here, I know who I am! But I\'d better take him his fan and gloves--that is, if I was, I shouldn\'t want YOURS: I don\'t understand. Where did they draw?\' said Alice, looking down at her rather inquisitively, and seemed not to her, And mentioned me.', 'cumque', 'Et aperiam ex maiores illum soluta. Ex porro consequatur repudiandae architecto rerum asperiores. Quas dolorem deserunt nihil accusantium qui. Recusandae nam qui in ut ipsum et perferendis veritatis.'),
(18, 'https://loremflickr.com/600/400/people/', 'Wunsch', 'Clair', 'rrohan@example.net', 'pass1234', '407.000.7038x498', '729 Lindgren Ramp Apt. 079\nBodestad, WI 19492', '1992-09-01', 'Female', 'PLEASE mind what you\'re talking about,\' said Alice. \'Come, let\'s hear some of YOUR business, Two!\' said Seven. \'Yes, it IS his business!\' said Five, in a hot tureen! Who for such a dreadful time.\' So Alice got up and leave the room, when her eye fell on.', 'excepturi', 'Ut consectetur assumenda iste molestiae sunt. Mollitia nihil quis iste sed maiores exercitationem. Autem id consequuntur autem tempore asperiores. Eos nulla aut ducimus tempore. Aperiam dolore fugiat quis rerum dolores. Cum harum laudantium laboriosam modi. Voluptatum ea beatae ea voluptatum ut non.'),
(19, 'https://loremflickr.com/600/400/people/', 'Lebsack', 'River', 'turner.tomas@example.com', 'password', '1-967-622-8568', '93607 Grant Gateway Suite 626\nLake Nyahton, KS 91918', '2019-06-19', 'Male', 'THIS size: why, I should be raving mad--at least not so mad as it went, \'One side will make you dry enough!\' They all made a rush at Alice for protection. \'You shan\'t be beheaded!\' \'What for?\' said Alice. \'I\'ve so often read in the distance, and she.', 'eum', 'Beatae harum qui amet quae. Cumque molestiae rerum ut voluptas sunt. Laborum suscipit nihil et. Dolorem consequuntur ex quidem voluptas tempora.'),
(20, 'https://loremflickr.com/600/400/people/', 'Fahey', 'Abigale', 'jessy.jast@example.org', 'pass1234', '1-348-800-4998x5099', '23277 Trantow Lake Apt. 134\nTorphyhaven, PA 09297', '2021-07-05', 'Female', 'King sharply. \'Do you play croquet?\' The soldiers were silent, and looked at Alice. \'I\'M not a mile high,\' said Alice. \'You did,\' said the White Rabbit, \'and that\'s a fact.\' Alice did not answer, so Alice soon began talking again. \'Dinah\'ll miss me very.', 'iste', 'Laboriosam distinctio et odio consequatur excepturi. Quia quae optio labore est consequatur corporis tempore. Quibusdam veritatis iusto excepturi assumenda. Quisquam voluptates possimus expedita ut repellat exercitationem ut. Quaerat aliquid sit sapiente suscipit nihil.'),
(21, 'https://loremflickr.com/600/400/people/', 'Abbott', 'Liza', 'mercedes33@example.net', 'password', '875-671-1562x651', '64883 Madalyn Drive\nSouth Benfort, IA 18561-4137', '1991-12-10', 'Male', 'March Hare,) \'--it was at in all directions, \'just like a mouse, you know. Which shall sing?\' \'Oh, YOU sing,\' said the Hatter, \'you wouldn\'t talk about trouble!\' said the Caterpillar decidedly, and there was a dead silence instantly, and Alice was.', 'et', 'Alias non alias aut ut sequi. Sunt ducimus corrupti ducimus. Aspernatur ipsum quia quis. Illum consequatur similique ut et quis ea dolor. Et sit deserunt aliquid voluptas velit. Nisi quia commodi et voluptas amet rerum dolores.'),
(22, 'https://loremflickr.com/600/400/people/', 'Rolfson', 'Marie', 'morar.jarrell@example.com', '123456', '1-280-312-1679x7602', '3741 Bartell Forks Suite 164\nLake Brianborough, DC 18235-8090', '1975-07-24', 'Male', 'CHAPTER III. A Caucus-Race and a fall, and a great hurry, muttering to himself as he found it so quickly that the mouse to the other, trying every door, she ran out of breath, and said to herself, \'in my going out altogether, like a stalk out of the way.', 'illo', 'Dignissimos iure ducimus voluptas ab ipsam et. Qui corrupti et consectetur repellat velit. Aut at sed ea qui ea perferendis. Qui neque impedit nobis et ipsa molestias. Ducimus ea reprehenderit velit fugit dolorem.'),
(23, 'https://loremflickr.com/600/400/people/', 'Ziemann', 'Norbert', 'loyal76@example.org', 'qwertyuiop', '281-416-5683x65560', '8890 Jakubowski Locks Suite 658\nNew Cleo, DE 84007', '1999-08-08', 'Female', 'As she said to herself; \'his eyes are so VERY nearly at the moment, \'My dear! I shall see it written down: but I grow at a reasonable pace,\' said the White Rabbit with pink eyes ran close by it, and finding it very hard indeed to make out exactly what.', 'error', 'Aliquam perferendis repudiandae alias consequatur sed nisi. Neque quam quod id esse aperiam ex iusto. Modi eaque quas est at quis et. Exercitationem et exercitationem nemo omnis quia eum eaque.'),
(24, 'https://loremflickr.com/600/400/people/', 'Hartmann', 'Abbigail', 'bwisoky@example.com', 'password', '233.335.5274x382', '675 Brakus Oval\nHansenbury, NE 76370-7477', '2014-07-10', 'Male', 'YOUR adventures.\' \'I could tell you just now what the flame of a procession,\' thought she, \'if people had all to lie down on one knee as he spoke, \'we were trying--\' \'I see!\' said the King, \'or I\'ll have you executed.\' The miserable Hatter dropped his.', 'totam', 'Repudiandae tempora mollitia est atque molestiae esse. Illum veritatis odio voluptatibus qui. Perspiciatis ut quam consequatur vitae odit nostrum. Similique et veritatis et error.'),
(25, 'https://loremflickr.com/600/400/people/', 'Weimann', 'Charles', 'gay.sauer@example.net', 'pass1234', '1-914-069-7766', '906 Kunde Squares Apt. 910\nFilibertoland, CA 89538', '1996-12-13', 'Female', 'CHAPTER VIII. The Queen\'s Croquet-Ground A large rose-tree stood near the looking-glass. There was a little shriek, and went stamping about, and called out to sea. So they got settled down in an offended tone. And she kept tossing the baby violently up.', 'aspernatur', 'Ea dolorem eveniet voluptates voluptas quia. Assumenda reiciendis ad dolorem ut iste ratione officia. Consequuntur dolorem et vero quam iure. Quod nisi fugiat explicabo unde impedit deleniti. Est ut ea minus molestiae qui dolorem. Hic aut voluptates ut sit omnis ipsa laboriosam. Delectus ut id quis fugiat voluptates.'),
(26, 'https://loremflickr.com/600/400/people/', 'Bashirian', 'Adella', 'marcel.kerluke@example.org', '123456', '296.556.2926x182', '950 Nienow Viaduct\nMayerview, GA 32375-8401', '2002-06-20', 'Male', 'Alice considered a little wider. \'Come, it\'s pleased so far,\' said the Hatter: \'it\'s very rude.\' The Hatter was the matter with it. There was a dead silence instantly, and neither of the Gryphon, the squeaking of the lefthand bit. * * * * * * * * * * *.', 'natus', 'Nobis ducimus blanditiis expedita labore quis autem. Fugiat debitis aut eligendi consequuntur amet. Dolores assumenda tenetur sint at quia. Qui a quos deserunt quidem delectus et aut dolorum. Sint aut saepe unde unde. Cum labore veritatis modi sint iure tenetur.'),
(27, 'https://loremflickr.com/600/400/people/', 'Larkin', 'Chloe', 'uhowell@example.org', 'pass1234', '04422762324', '706 Gusikowski Street Apt. 142\nNew Jamel, ME 59547', '2022-05-28', 'Female', 'I wonder?\' As she said these words her foot slipped, and in despair she put one arm out of its little eyes, but it was all finished, the Owl, as a cushion, resting their elbows on it, or at least one of them with one finger; and the roof of the house.', 'nihil', 'Doloribus nesciunt ipsum nostrum ea iusto ea. Suscipit vitae dolores nisi fugit et laboriosam animi. Dicta tenetur sint sint quis repellat et. Culpa doloremque adipisci incidunt placeat. Qui dignissimos voluptates culpa sequi vel.'),
(28, 'https://loremflickr.com/600/400/people/', 'Sawayn', 'Trinity', 'windler.natalie@example.net', 'qwertyuiop', '(015)764-6761x3946', '52871 Lindsay Forks\nVandervorttown, KS 10410', '1978-10-02', 'Female', 'WAS a narrow escape!\' said Alice, (she had grown up,\' she said to the table, half hoping she might as well go in ringlets at all; however, she went out, but it was quite impossible to say a word, but slowly followed her back to the jury. They were.', 'ea', 'Aut dignissimos magni deserunt et iure officia. Voluptatem natus alias eum rerum quisquam nam asperiores recusandae. Aut possimus neque voluptas non laboriosam nemo. Nihil illo optio quae ut autem autem. Laboriosam voluptatem culpa inventore quos dolores nam.'),
(29, 'https://loremflickr.com/600/400/people/', 'Weber', 'Andres', 'altenwerth.sandy@example.net', 'pass1234', '(772)573-9327', '01411 Raphaelle Avenue Apt. 130\nJaquelinemouth, FL 68549', '1986-08-08', 'Female', 'Presently she began shrinking directly. As soon as she tucked her arm affectionately into Alice\'s, and they lived at the proposal. \'Then the eleventh day must have been changed for any lesson-books!\' And so it was over at last, they must needs come.', 'id', 'Animi alias sunt dolor. Quia accusantium modi vel ut aut qui veritatis iure. Officia quis necessitatibus qui nam dolores est ea consectetur. Voluptatem voluptas et dolor ducimus ut facilis aspernatur laborum. Qui unde possimus nihil inventore unde iusto.'),
(30, 'https://loremflickr.com/600/400/people/', 'Dickens', 'Jasper', 'adrianna93@example.org', '123456', '145-675-2260', '7163 Dicki Turnpike\nWilhelmshire, OK 05650', '2015-01-26', 'Male', 'Alice. \'I\'m glad they don\'t give birthday presents like that!\' By this time she had nothing yet,\' Alice replied eagerly, for she had put on your head-- Do you think I must have got altered.\' \'It is a raven like a candle. I wonder if I must, I must,\' the.', 'sint', 'Beatae quidem exercitationem veniam sed et rerum. Eum eum voluptatem et quam. At quis et sit deleniti. Aut est quia voluptates earum veniam. Ut vel veniam quod aut ut. Amet amet placeat mollitia expedita. Consequatur nam porro deleniti eos.'),
(31, 'https://loremflickr.com/600/400/people/', 'Rath', 'Emilie', 'hyatt.alysha@example.net', 'pass1234', '+27(0)3950697283', '283 Ashtyn Locks\nGodfreyland, RI 59286', '1996-02-05', 'Female', 'March Hare. Visit either you like: they\'re both mad.\' \'But I don\'t know,\' he went on muttering over the wig, (look at the corners: next the ten courtiers; these were all turning into little cakes as they lay on the other side of the jury wrote it down.', 'nulla', 'Eos est voluptas quae. Harum cupiditate voluptate eos sunt expedita ex omnis dignissimos. Ab et quasi repellat ratione laboriosam. Animi est culpa deleniti distinctio inventore est qui. Aut ut expedita sunt aliquam nostrum.'),
(32, 'https://loremflickr.com/600/400/people/', 'Ankunding', 'Ashly', 'vivianne.nienow@example.com', 'qwertyuiop', '422-049-0492x460', '3736 Marcia Drive Suite 527\nNew Zackshire, NM 37109-7601', '1992-04-12', 'Female', 'Alice said nothing: she had drunk half the bottle, saying to herself, \'Now, what am I to get through the wood. \'It\'s the oldest rule in the sand with wooden spades, then a great crowd assembled about them--all sorts of things--I can\'t remember things as.', 'quibusdam', 'In ea repellat eos qui doloremque dolor. Nobis velit nihil et ea dolor. Sed temporibus corporis dolor voluptas. Consequatur nihil labore eum consectetur ut. Eligendi molestiae minima numquam id itaque nihil aut.'),
(33, 'https://loremflickr.com/600/400/people/', 'Beahan', 'Zane', 'lbecker@example.net', 'password', '1-337-785-0386x312', '76613 Judy Route Suite 765\nLegrosview, CO 20736-1486', '1988-02-28', 'Male', 'Alice had not noticed before, and he checked himself suddenly: the others all joined in chorus, \'Yes, please do!\' pleaded Alice. \'And where HAVE my shoulders got to? And oh, I wish you could draw treacle out of the lefthand bit. * * * * * * * * * * * *.', 'velit', 'Ex et consequatur sed alias occaecati. Ipsa maiores debitis aut vel autem. Necessitatibus et earum quas autem qui veniam. Aut nulla quo suscipit voluptatem ratione laborum laboriosam. Possimus quam harum ex quo.'),
(34, 'https://loremflickr.com/600/400/people/', 'Abernathy', 'Gayle', 'barbara.thiel@example.org', 'pass1234', '(285)675-5610x049', '62254 Marcus Rapid Suite 811\nEunabury, CO 84391', '2003-12-10', 'Male', 'And she opened it, and finding it very hard indeed to make out what it was: at first was moderate. But the snail replied \"Too far, too far!\" and gave a sudden burst of tears, until there was no one listening, this time, as it didn\'t sound at all this.', 'sint', 'Est ut voluptas aliquam debitis deserunt. Itaque voluptatum laboriosam autem alias error. Consectetur id dolor provident. Quidem ut eos tempora ratione. Est magnam sapiente libero. Est atque incidunt qui omnis labore.'),
(35, 'https://loremflickr.com/600/400/people/', 'Schiller', 'Alexzander', 'palma.kub@example.org', 'password', '+50(0)7921828592', '3133 Blanda Turnpike Suite 083\nSouth Marty, KS 01075', '1998-11-24', 'Male', 'I tell you!\' But she went on: \'--that begins with a large ring, with the game,\' the Queen said--\' \'Get to your little boy, And beat him when he sneezes: He only does it matter to me whether you\'re nervous or not.\' \'I\'m a poor man, your Majesty,\' said.', 'consequatur', 'Cum sunt dolorem atque dolores et ipsa. Vero voluptates perferendis nulla et tenetur dolores. Provident doloremque vero vitae velit occaecati necessitatibus. Cumque nisi ad ipsum ad. Nihil enim maxime aut aut nam. Aliquid tempora quo temporibus est nisi fugiat veritatis qui.'),
(36, 'https://loremflickr.com/600/400/people/', 'Zulauf', 'Donny', 'dameon83@example.com', 'qwertyuiop', '(884)173-5707', '4090 Mitchell Skyway Apt. 155\nLake Edythbury, ID 08100', '2004-12-14', 'Female', 'The cook threw a frying-pan after her as she wandered about in all their simple joys, remembering her own children. \'How should I know?\' said Alice, (she had grown to her head, and she put one arm out of its right ear and left off quarrelling with the.', 'qui', 'Voluptatibus magnam doloribus explicabo quia corporis sed nobis. Quam voluptates sit vel dicta ad facere. Rerum vero vel nobis aperiam veniam reiciendis sit. Non aspernatur quam itaque sapiente eos repudiandae explicabo.'),
(37, 'https://loremflickr.com/600/400/people/', 'Kovacek', 'Eleanora', 'antonina56@example.net', 'password', '422.533.5626', '747 Estevan Mall Apt. 485\nEast Haydenville, TN 21012', '1986-05-25', 'Male', 'Alice looked very anxiously into its mouth open, gazing up into a doze; but, on being pinched by the whole pack rose up into the teapot. \'At any rate I\'ll never go THERE again!\' said Alice more boldly: \'you know you\'re growing too.\' \'Yes, but some.', 'eum', 'Quam est odio sit blanditiis sint deserunt tempore. Cupiditate laudantium ut laboriosam voluptatibus non. Reprehenderit debitis esse officiis ut nulla fuga quo. Nisi culpa et ratione accusantium.'),
(38, 'https://loremflickr.com/600/400/people/', 'Koelpin', 'Okey', 'zhaag@example.org', '123456', '303.094.4136x01910', '5806 Hammes Junctions\nLake Khalil, VA 15750', '1989-06-23', 'Female', 'NOT marked \'poison,\' so Alice ventured to taste it, and fortunately was just going to happen next. First, she tried another question. \'What sort of people live about here?\' \'In THAT direction,\' waving the other players, and shouting \'Off with his.', 'ipsum', 'Accusantium cum quam et et porro nemo. Animi ea ea autem quae ea. Rerum quia asperiores sit aspernatur nisi dolorem. Et quam doloribus reprehenderit voluptatum molestias sint. Et repudiandae tenetur non id modi. Voluptas fugit quis est aut perspiciatis. Dolores laborum qui voluptas error dolores temporibus eius.'),
(39, 'https://loremflickr.com/600/400/people/', 'Sauer', 'Branson', 'dudley.kunze@example.net', 'qwertyuiop', '581.436.4189x80538', '231 Elfrieda Ridges\nEast Trishaton, CO 17473-8980', '2005-03-06', 'Male', 'The first thing I\'ve got back to the other end of his head. But at any rate,\' said Alice: \'besides, that\'s not a regular rule: you invented it just missed her. Alice caught the baby with some curiosity. \'What a curious appearance in the same thing,\'.', 'et', 'Quis repudiandae dolor assumenda in voluptatibus molestiae illum. Qui saepe laborum error at enim aut autem. Facere dolore delectus dolores illo dignissimos quam. Ut quam quo tempora quo iusto id.'),
(40, 'https://loremflickr.com/600/400/people/', 'Bogisich', 'Orie', 'dupton@example.org', '123456', '1-895-398-8587x303', '5317 Johnny Extension\nSouth Rooseveltberg, OK 15159-7503', '1971-04-01', 'Male', 'By this time she went down to her great disappointment it was written to nobody, which isn\'t usual, you know.\' \'Who is this?\' She said the Gryphon. \'Well, I can\'t remember,\' said the Duchess, the Duchess! Oh! won\'t she be savage if I\'ve kept her eyes.', 'quam', 'Et aut sequi itaque quasi consequatur facere. Recusandae perferendis dicta unde eligendi non incidunt ipsum. Ipsa maiores quisquam et tempora sint. Quam culpa voluptas unde aspernatur dolorum et iusto. Porro dolor rerum dicta veniam illo magni quaerat enim. Illum fugit aliquam facere et dolores nulla. Dignissimos beatae ea omnis dignissimos ut.'),
(41, 'https://loremflickr.com/600/400/people/', 'Lemke', 'Theron', 'keon.langosh@example.com', 'password', '230.901.7192x009', '690 Herman Ranch\nRunteburgh, MI 08678', '1991-11-11', 'Female', 'Pigeon. \'I can tell you what year it is?\' \'Of course not,\' Alice replied in an encouraging opening for a few minutes that she looked back once or twice, and shook itself. Then it got down off the top of the accident, all except the King, the Queen, who.', 'molestiae', 'Ipsum numquam impedit recusandae incidunt explicabo non. Vel et et fugit tenetur quibusdam aut. Aut enim perspiciatis totam. Id perferendis voluptatem qui sunt nihil.'),
(42, 'https://loremflickr.com/600/400/people/', 'Friesen', 'Salvatore', 'stromp@example.net', '123456', '499-725-2889x8612', '871 Marilou Loaf Apt. 960\nSouth Maxwellbury, HI 97623-7198', '2013-01-30', 'Male', 'Alice thought this a very melancholy voice. \'Repeat, \"YOU ARE OLD, FATHER WILLIAM,\"\' said the Hatter. He came in sight of the leaves: \'I should think you could draw treacle out of its voice. \'Back to land again, and she did not like to see it trying in.', 'vel', 'Minima ut tenetur non. Unde illum debitis et velit assumenda ullam. Eius magnam facere fuga id. Blanditiis inventore dolores aspernatur sunt ducimus nulla illum repellat. Et veniam praesentium ad qui suscipit consequatur.'),
(43, 'https://loremflickr.com/600/400/people/', 'Denesik', 'Lola', 'christiansen.keven@example.com', 'password', '1-502-609-7042x134', '927 McKenzie Forges Suite 301\nNew Jennifershire, NM 37402', '1997-12-20', 'Female', 'Alice; \'that\'s not at all a pity. I said \"What for?\"\' \'She boxed the Queen\'s ears--\' the Rabbit began. Alice gave a sudden leap out of a tree. By the use of a bottle. They all sat down again into its face to see what would happen next. The first witness.', 'perspiciatis', 'Corrupti dolores quo perspiciatis soluta sit corrupti architecto magnam. Nostrum fugit neque mollitia sed voluptatem. Accusamus cupiditate ipsa quia veniam et architecto dolorem id. Autem sed rerum est incidunt omnis aut. Et qui culpa ducimus aut reiciendis at reprehenderit sit.'),
(44, 'https://loremflickr.com/600/400/people/', 'Kovacek', 'Haven', 'willie.kohler@example.net', 'password', '1-399-266-6336', '182 Purdy Stream Apt. 102\nCorenehaven, ID 74611-3041', '2011-04-30', 'Male', 'For some minutes the whole party look so grave that she might as well as she could, and waited to see how he did with the other queer noises, would change (she knew) to the Cheshire Cat, she was trying to invent something!\' \'I--I\'m a little before she.', 'consectetur', 'Laboriosam est dolorem ad voluptatem. Ullam aut aut est maiores. Qui ut rem quis et. Consequatur dolorum excepturi recusandae quidem. Corporis rerum veniam molestiae esse quod voluptas totam. Nihil quae dolorem voluptatum nihil accusamus quas autem.'),
(45, 'https://loremflickr.com/600/400/people/', 'Mosciski', 'Scot', 'marcelle.parisian@example.com', 'pass1234', '422-414-1571', '86178 Gia Greens Suite 961\nCorkeryberg, RI 46889-4524', '1976-04-04', 'Male', 'AND WASHING--extra.\"\' \'You couldn\'t have done that, you know,\' the Mock Turtle went on. \'Would you like the wind, and the Queen said severely \'Who is this?\' She said the Cat. \'I don\'t think it\'s at all what had become of it; and as it turned round and.', 'est', 'Perspiciatis repellendus adipisci debitis dolorem. Ut voluptatem sequi saepe. Unde quo sed et natus. Similique quia molestiae dignissimos officiis molestias a. Accusantium modi qui occaecati perspiciatis consequuntur laboriosam animi.'),
(46, 'https://loremflickr.com/600/400/people/', 'Sporer', 'Zakary', 'danika48@example.org', '123456', '1-705-161-6909x7392', '19966 Stamm Burg\nSouth Rupert, IL 59481-4169', '1985-09-03', 'Male', 'The Queen smiled and passed on. \'Who ARE you talking to?\' said one of them at dinn--\' she checked herself hastily. \'I don\'t see how the Dodo solemnly presented the thimble, saying \'We beg your pardon!\' said the Dodo managed it.) First it marked out a.', 'dolorem', 'Voluptate et molestiae officiis et est id. Et optio ad asperiores voluptatem cumque sed amet. Qui iusto sapiente est odio vel sunt. Non dicta labore eos asperiores. Hic minima et architecto porro quia et et. Eligendi sed et excepturi nesciunt rerum facere unde.'),
(47, 'https://loremflickr.com/600/400/people/', 'Fahey', 'Rubye', 'feeney.giuseppe@example.org', 'qwertyuiop', '1-839-209-9755x47605', '9696 Strosin Parks Apt. 465\nHowellville, TN 19623', '1984-08-19', 'Female', 'Cheshire Cat,\' said Alice: \'allow me to him: She gave me a pair of gloves and the Dormouse said--\' the Hatter replied. \'Of course not,\' Alice replied eagerly, for she had sat down in a whisper, half afraid that it ought to have it explained,\' said the.', 'officia', 'Cum sit inventore exercitationem fuga quibusdam sunt. Aut tempora molestiae commodi magni molestiae quasi. Itaque esse accusantium quis nihil nesciunt. Voluptatem magni pariatur vitae qui. Magnam debitis aut atque accusamus ad.'),
(48, 'https://loremflickr.com/600/400/people/', 'D\'Amore', 'Daija', 'o\'kon.haley@example.com', 'password', '(922)089-1817', '76095 Haag Cliff\nHannafurt, DE 70496', '1979-02-03', 'Male', 'Duchess: \'what a clear way you go,\' said the Caterpillar; and it said nothing. \'This here young lady,\' said the sage, as he spoke. \'A cat may look at it!\' This speech caused a remarkable sensation among the trees had a pencil that squeaked. This of.', 'itaque', 'Quibusdam modi ipsam sequi soluta natus labore. Quis modi beatae qui. Voluptatum aut eos est debitis consequatur quam. Sapiente sequi et sunt ut molestiae consequuntur. Consequuntur quo aut amet fugit.'),
(49, 'https://loremflickr.com/600/400/people/', 'Schimmel', 'Nyasia', 'tskiles@example.com', 'password', '05019863993', '1253 Daisy Turnpike\nDouglasmouth, MO 13766', '1997-08-06', 'Male', 'Alice, as the other.\' As soon as the hall was very hot, she kept on good terms with him, he\'d do almost anything you liked with the tarts, you know--\' \'But, it goes on \"THEY ALL RETURNED FROM HIM TO YOU,\"\' said Alice. \'Anything you like,\' said the.', 'magni', 'Dolorem ipsum blanditiis veniam doloribus est. Iste nihil est tempore rerum vel omnis fugiat voluptate. Officiis qui cumque nostrum molestias eos reprehenderit. Omnis nostrum velit nihil qui voluptatibus voluptas. Facilis iure ratione quod suscipit minima sunt velit. Mollitia voluptas blanditiis facere ratione. Maxime quisquam ea dolore maiores quis in numquam.'),
(50, 'https://loremflickr.com/600/400/people/', 'Huels', 'Edyth', 'auer.clifton@example.net', 'qwertyuiop', '(121)492-6382x052', '202 Kamryn Common Apt. 111\nLakintown, CO 98327-0864', '2001-10-21', 'Male', 'I\'M a Duchess,\' she said to herself, \'Now, what am I to do?\' said Alice. \'Of course not,\' Alice cautiously replied, not feeling at all what had become of me?\' Luckily for Alice, the little golden key was too small, but at any rate,\' said Alice: \'I don\'t.', 'dolore', 'Aut ullam porro consequatur. Itaque dicta in ipsam. Rem quia explicabo id adipisci. Voluptas ea nulla alias quis omnis eius.'),
(51, 'https://loremflickr.com/600/400/people/', 'Stark', 'Maximo', 'christop.runte@example.org', 'pass1234', '(515)920-3813', '81765 Schmidt Port\nNew Deontestad, AL 02595-4123', '2000-02-03', 'Male', 'Forty-two. ALL PERSONS MORE THAN A MILE HIGH TO LEAVE THE COURT.\' Everybody looked at it uneasily, shaking it every now and then nodded. \'It\'s no use going back to the rose-tree, she went back for a minute, while Alice thought over all the jurors had a.', 'sed', 'Consequatur quia iste voluptatibus quaerat tempore. Vitae repudiandae quas qui aut dolor. Placeat totam placeat fuga est hic molestias. Ipsum voluptatem iure hic. Quia dolorem velit veritatis recusandae qui non et. Illum reprehenderit fuga quae non. Est qui ullam harum sed et consectetur qui. Cum molestiae facilis velit deserunt dolor est minima.'),
(52, 'https://loremflickr.com/600/400/people/', 'Kuvalis', 'Mitchell', 'angie40@example.org', '123456', '459-801-9352', '54453 Franecki Center\nWest Lavernemouth, NE 16215', '2017-02-27', 'Male', 'IT,\' the Mouse to tell me who YOU are, first.\' \'Why?\' said the Mouse, who seemed to think this a very grave voice, \'until all the unjust things--\' when his eye chanced to fall upon Alice, as she ran; but the Mouse heard this, it turned round and swam.', 'facere', 'Quam voluptatem corrupti tempora voluptatem inventore ut est. Doloremque expedita non aut non a id explicabo. Aliquam deleniti eaque voluptates id perspiciatis et. Rem perferendis aspernatur est ipsam. Corporis dolores excepturi a suscipit. Est magni corporis recusandae cupiditate in cupiditate omnis.'),
(53, 'https://loremflickr.com/600/400/people/', 'Quitzon', 'Danika', 'kaelyn86@example.org', 'password', '07464539083', '796 Pagac Manors\nSouth Anniebury, AL 75924-1095', '1971-08-27', 'Male', 'I\'ve made up my mind about it; and as the jury consider their verdict,\' the King and Queen of Hearts were seated on their backs was the first question, you know.\' It was, no doubt: only Alice did not get hold of it; so, after hunting all about for a few.', 'ab', 'Officiis ab repudiandae aut dignissimos. Quisquam enim libero ex dicta sint voluptates qui. Iusto neque rerum quia veniam doloremque. Sed consequatur consequuntur temporibus hic non sunt laboriosam. Eligendi ut veniam odit deleniti illo ratione. Porro est possimus sunt non aliquam voluptas veniam dicta. Soluta vel et aut dicta ut aspernatur. Voluptates nobis rerum quaerat vitae mollitia mollitia.'),
(54, 'https://loremflickr.com/600/400/people/', 'Kiehn', 'Ettie', 'lina83@example.org', 'qwertyuiop', '881.337.0772x3619', '510 Einar Falls\nLake Ellieborough, DC 74533-1567', '2016-04-23', 'Male', 'Latitude or Longitude either, but thought they were getting so far off). \'Oh, my poor little feet, I wonder what Latitude or Longitude I\'ve got back to them, and just as if she did not feel encouraged to ask them what the name \'Alice!\' CHAPTER XII..', 'voluptas', 'Explicabo sit eum adipisci incidunt vero qui vel. Porro non ipsam accusantium est. Inventore tempora architecto corrupti eum. Consequatur eum sapiente aspernatur qui ad non. Nulla nihil facilis et explicabo est et consequuntur. Aut ad esse laudantium voluptate quo tenetur atque ea.'),
(55, 'https://loremflickr.com/600/400/people/', 'Nikolaus', 'Margret', 'reyes.hyatt@example.net', 'qwertyuiop', '891.568.5265', '335 Kunde Centers Suite 122\nNew Tristianshire, SD 68628-0686', '2010-07-13', 'Female', 'The three soldiers wandered about in a fight with another dig of her age knew the right thing to eat her up in a whisper.) \'That would be offended again. \'Mine is a raven like a steam-engine when she found herself lying on their throne when they liked,.', 'ipsum', 'Sunt dolorem recusandae commodi quasi. Voluptatum vel omnis incidunt ea voluptatibus ut praesentium. Ipsum id et asperiores voluptatum. Aspernatur non et et.'),
(56, 'https://loremflickr.com/600/400/people/', 'Oberbrunner', 'Gregoria', 'xstreich@example.com', 'pass1234', '850.754.3872x6667', '258 Durgan Passage\nSouth Mariela, SD 16624-5343', '2018-02-08', 'Female', 'Footman continued in the last time she found it made Alice quite jumped; but she stopped hastily, for the next moment she quite forgot you didn\'t like cats.\' \'Not like cats!\' cried the Mock Turtle repeated thoughtfully. \'I should like to try the.', 'velit', 'Aut et pariatur ut non architecto modi. Repudiandae perferendis voluptatum non est eos eaque. Ea et sapiente ipsa magnam nobis dignissimos architecto. Saepe ipsum provident omnis sequi occaecati enim ratione. Ad sed et fugiat ducimus quis. Magnam vero reiciendis sed velit repellat enim et omnis.'),
(57, 'https://loremflickr.com/600/400/people/', 'Mosciski', 'D\'angelo', 'bcrona@example.com', 'qwertyuiop', '854-841-5867x92467', '21525 Skiles Mission\nSpinkamouth, FL 47809-0691', '1987-06-24', 'Female', 'The Mouse did not see anything that looked like the name: however, it only grinned when it saw Alice. It looked good-natured, she thought: still it was impossible to say whether the pleasure of making a daisy-chain would be quite as much as serpents do,.', 'assumenda', 'Dignissimos non laboriosam id beatae eos. Minima ea culpa sed aspernatur dolores architecto. Pariatur enim architecto sunt nulla earum ducimus. Illo nulla autem nam sit. Cupiditate id delectus eos quod nihil qui.'),
(58, 'https://loremflickr.com/600/400/people/', 'Pouros', 'Justina', 'kathryn00@example.com', 'pass1234', '(862)771-3087x235', '4103 Huels Burg Apt. 500\nBrennaland, CT 93174', '2013-06-28', 'Female', 'Will you, won\'t you, will you join the dance. So they got their tails in their paws. \'And how do you mean \"purpose\"?\' said Alice. \'Call it what you would have appeared to them she heard a little worried. \'Just about as she spoke--fancy CURTSEYING as.', 'totam', 'Impedit consequatur inventore dolorum ducimus enim ut ut. Fugiat quod commodi velit est eligendi porro. Omnis architecto sunt numquam voluptatem nostrum nobis. Excepturi sit officiis quia temporibus dolores. Est sint laboriosam quia ea minima occaecati est.'),
(59, 'https://loremflickr.com/600/400/people/', 'Cremin', 'Cory', 'ostrosin@example.com', '123456', '685.635.7852x741', '2559 Hyman Turnpike\nSouth Callie, TX 66727-1588', '2013-06-01', 'Male', 'The jury all looked so grave and anxious.) Alice could not swim. He sent them word I had it written down: but I don\'t want to go on in these words: \'Yes, we went to school every day--\' \'I\'VE been to her, \'if we had the best thing to get out at the.', 'iste', 'Et commodi culpa a qui possimus amet. Occaecati recusandae blanditiis alias harum quis fugiat laudantium. Voluptatum sapiente facere ex quae et voluptas neque vero. Error nam magnam omnis earum. Ut omnis magni id ad.'),
(60, 'https://loremflickr.com/600/400/people/', 'Brakus', 'Cleo', 'prohaska.lily@example.org', 'pass1234', '789-751-8830', '9272 Bulah Neck\nLiamberg, AZ 99148', '1977-04-25', 'Male', 'Dodo, pointing to the Cheshire Cat: now I shall only look up in such confusion that she had accidentally upset the week before. \'Oh, I BEG your pardon!\' cried Alice again, in a very good height indeed!\' said the youth, \'one would hardly suppose That.', 'non', 'Eius sed tenetur qui hic fuga voluptate. Minus aut ullam sint quia aut rerum. Labore modi quasi ipsam tempora non aliquid. Et ea voluptatibus et ipsam voluptatem. Et sit quibusdam explicabo quo commodi. Qui autem dolorem dolorem delectus repellendus. Quo nihil velit fugiat autem iure.'),
(61, 'https://loremflickr.com/600/400/people/', 'Stehr', 'Darrion', 'jaleel46@example.com', '123456', '04716843563', '45242 Lazaro Ford\nSouth Kaleighton, GA 27290', '2018-12-28', 'Female', 'Alice replied very solemnly. Alice was thoroughly puzzled. \'Does the boots and shoes!\' she repeated in a tone of great relief. \'Call the next verse,\' the Gryphon went on planning to herself \'It\'s the oldest rule in the morning, just time to go, for the.', 'iusto', 'Minima quod odit fugiat nihil rerum deserunt ut accusantium. Nisi sint eligendi occaecati eos vel alias provident id. Non nobis qui enim iste quaerat. Mollitia et sint quos velit quos et. Alias quis consectetur sed aperiam suscipit deserunt ut.'),
(62, 'https://loremflickr.com/600/400/people/', 'Harber', 'Santino', 'beer.autumn@example.com', '123456', '(766)070-1594', '46397 Marian Neck\nTedfurt, RI 37943-9883', '2015-10-18', 'Female', 'White Rabbit read out, at the stick, and made another snatch in the court!\' and the bright flower-beds and the sounds will take care of the court. (As that is rather a handsome pig, I think.\' And she thought it must be what he did with the birds and.', 'necessitatibus', 'Officia quos quas minima aspernatur voluptate. Nesciunt consequatur aliquam neque id qui quo. Sunt consequatur et tenetur laboriosam. Totam quos omnis aliquid voluptatibus nihil nisi non et. Sequi in tempora eaque cumque temporibus voluptate. Voluptate nihil nesciunt sed odio consequuntur placeat nisi saepe. Aliquam quia natus sint quia.'),
(63, 'https://loremflickr.com/600/400/people/', 'Gusikowski', 'Arianna', 'white.keyshawn@example.org', 'qwertyuiop', '+57(3)1939360398', '456 Maxime Flats Suite 841\nPort Liliantown, OH 89831-9162', '2014-06-19', 'Female', 'May it won\'t be raving mad--at least not so mad as it can talk: at any rate, the Dormouse shall!\' they both bowed low, and their slates and pencils had been would have called him Tortoise because he was going to remark myself.\' \'Have you seen the Mock.', 'quos', 'Rem alias eligendi enim ut. Officia nam dolorem explicabo autem laboriosam eaque sapiente quas. Beatae repellendus quos aut ut incidunt fugit facilis. Nulla officia impedit aut. Rerum iure modi et rerum. Blanditiis nam consectetur adipisci.'),
(64, 'https://loremflickr.com/600/400/people/', 'Schaefer', 'Alia', 'kozey.kitty@example.net', 'password', '(409)873-7719x85622', '761 Nestor Fields\nJazmynfurt, LA 39726-1869', '2004-02-07', 'Female', 'Knave of Hearts, he stole those tarts, And took them quite away!\' \'Consider your verdict,\' the King and the words \'DRINK ME\' beautifully printed on it were white, but there was the matter on, What would become of me? They\'re dreadfully fond of beheading.', 'qui', 'Perspiciatis consequuntur labore eos in eos aliquid error. Rerum ea dolorem nobis porro ducimus explicabo. Libero sint maxime suscipit. Voluptas delectus dolores sed porro beatae vel praesentium sit. Harum dolorum explicabo autem.'),
(65, 'https://loremflickr.com/600/400/people/', 'Reynolds', 'Kamille', 'aidan80@example.com', 'password', '302-362-4860', '67200 Elvis Freeway Suite 915\nPort Watson, CA 53951', '1987-12-08', 'Female', 'Mock Turtle. \'Seals, turtles, salmon, and so on.\' \'What a curious appearance in the last time she went hunting about, and make out exactly what they WILL do next! As for pulling me out of sight: \'but it doesn\'t understand English,\' thought Alice; \'I.', 'soluta', 'Eius voluptatem est ipsa saepe deleniti dignissimos sunt. Velit quis eos incidunt nemo totam eaque. A quia maiores consequatur veniam quae. Velit aspernatur illo et sit minus corrupti quae. Et quia illum sed dicta dolores.'),
(66, 'https://loremflickr.com/600/400/people/', 'Johnson', 'Karolann', 'coy.konopelski@example.org', '123456', '506.961.3156x45630', '5875 Ansel Cliffs\nGerholdside, AL 36961', '1973-02-07', 'Male', 'I learn music.\' \'Ah! that accounts for it,\' said the Queen. \'I haven\'t the slightest idea,\' said the Gryphon. \'It\'s all her wonderful Adventures, till she fancied she heard it before,\' said Alice,) and round the table, half hoping she might find another.', 'ut', 'Repellat et voluptatem sit explicabo ut perferendis. Sint eum voluptates minus id eos voluptatem ad. Et delectus quisquam natus et voluptas iure odio. Tempora rerum quisquam voluptatem dolorem nam.'),
(67, 'https://loremflickr.com/600/400/people/', 'Schmitt', 'Syble', 'alejandrin46@example.org', '123456', '857.610.4584', '09088 Schuster Brooks\nLefflershire, GA 45159', '1998-10-05', 'Female', 'Though they were nice grand words to say.) Presently she began thinking over other children she knew that it was good practice to say which), and they went on again: \'Twenty-four hours, I THINK; or is it I can\'t understand it myself to begin at HIS time.', 'quasi', 'Omnis ullam est modi minima. Rerum sapiente ut deleniti sed perspiciatis minus quos. Quis alias dolores officiis rerum officia ea. Est dicta perspiciatis eos molestiae debitis ipsum placeat distinctio. Et ut assumenda praesentium ducimus eum accusantium minus. Mollitia alias tempore magnam consequatur. Ex autem voluptatem dolores ab aut alias rerum.'),
(68, 'https://loremflickr.com/600/400/people/', 'VonRueden', 'Royce', 'rthiel@example.net', 'password', '148-183-7786', '984 Skye Fall\nEmardville, MI 28562-9468', '1970-03-08', 'Female', 'Alice began to repeat it, but her head to feel which way it was talking in his sleep, \'that \"I breathe when I sleep\" is the reason so many lessons to learn! No, I\'ve made up my mind about it; and the procession came opposite to Alice, \'Have you guessed.', 'autem', 'Ipsa sapiente molestiae adipisci voluptas. Asperiores fugiat pariatur atque odio. Officia dolor facere blanditiis velit dignissimos ut. Et aut ut laboriosam autem vel eius deleniti. Quia sint blanditiis quia voluptatem facilis molestiae vitae. Natus consectetur corrupti sed ad itaque id odio. Non assumenda modi saepe.');
INSERT INTO `User` (`id`, `profile_picture`, `last_name`, `first_name`, `email`, `pass`, `phone`, `address`, `birth_date`, `gender`, `about_me`, `other_name`, `favorite_quote`) VALUES
(69, 'https://loremflickr.com/600/400/people/', 'Roob', 'Ashleigh', 'donny53@example.net', 'pass1234', '1-064-408-5851x58573', '7879 Jay Inlet Suite 220\nEast Leonietown, WI 82267', '1997-05-14', 'Female', 'I suppose Dinah\'ll be sending me on messages next!\' And she began very cautiously: \'But I don\'t care which happens!\' She ate a little before she had read about them in books, and she told her sister, as well as she could, for the first to break the.', 'aliquid', 'Quis non voluptas ullam cupiditate sapiente. Ea explicabo qui qui. Quaerat voluptas deserunt quos magnam. Accusantium in ad quibusdam reprehenderit aut et atque. Sit aliquam et eum at pariatur. Tenetur incidunt nobis veniam. Expedita saepe quisquam aliquam tempora non doloremque eligendi non.'),
(70, 'https://loremflickr.com/600/400/people/', 'Barton', 'Sterling', 'wkonopelski@example.org', '123456', '788.445.8398', '05711 Nola Springs Suite 771\nSchneiderburgh, UT 33129-6437', '1988-10-03', 'Female', 'Mouse, sharply and very soon finished off the subjects on his spectacles and looked into its mouth and began an account of the bill, \"French, music, AND WASHING--extra.\"\' \'You couldn\'t have wanted it much,\' said Alice; \'that\'s not at all what had become.', 'et', 'Qui asperiores aut labore quidem. Enim eveniet ducimus placeat adipisci assumenda modi. Aliquid voluptate eum earum et aperiam fuga a. Dolorum soluta ut sit ea sint consequatur placeat. Illum aut ut qui.'),
(71, 'https://loremflickr.com/600/400/people/', 'Hagenes', 'Raul', 'harold83@example.com', 'qwertyuiop', '+95(8)9965139004', '356 Jerde Junction Suite 637\nEast Brennaland, SC 58185-1977', '1977-02-03', 'Female', 'It means much the same age as herself, to see a little way forwards each time and a fan! Quick, now!\' And Alice was beginning to feel very sleepy and stupid), whether the blows hurt it or not. \'Oh, PLEASE mind what you\'re at!\" You know the meaning of.', 'sit', 'Fuga hic excepturi non harum. Iste veniam ipsa sunt. Quia autem minus dolores. Recusandae labore nisi dolores rerum beatae ipsum. Eius vel occaecati explicabo voluptatem doloribus et ratione.'),
(72, 'https://loremflickr.com/600/400/people/', 'Johns', 'Shannon', 'jaleel.braun@example.net', 'pass1234', '(884)616-6589x706', '5807 Grant Stravenue\nStreichton, AK 25904-9775', '1998-09-08', 'Female', 'I shall think nothing of the words \'DRINK ME\' beautifully printed on it except a tiny little thing!\' said Alice, \'and if it thought that it might end, you know,\' said Alice, swallowing down her flamingo, and began bowing to the whiting,\' said the Mouse,.', 'et', 'Sunt voluptas eos dignissimos architecto veritatis. Aliquam voluptates quisquam dolorem perspiciatis. Quia adipisci nemo recusandae minus. Aspernatur corrupti numquam est excepturi enim. Itaque odio ad cumque delectus. Ea quia sed ut dolor inventore perspiciatis sequi. Repudiandae unde quo sit impedit dolorem nostrum.'),
(73, 'https://loremflickr.com/600/400/people/', 'Streich', 'Monserrat', 'javier.collins@example.com', 'qwertyuiop', '1-215-017-9317x59306', '3318 Dewayne Wells\nSouth Ike, NJ 51250', '2004-09-05', 'Male', 'Hatter: \'let\'s all move one place on.\' He moved on as he spoke, and then hurried on, Alice started to her feet as the March Hare. \'He denies it,\' said the Caterpillar. Alice folded her hands, and began:-- \'You are old, Father William,\' the young man.', 'et', 'Unde earum maiores impedit maiores omnis at. Aut fugiat quidem consequatur sapiente repellat nesciunt dolorem iure. Illum inventore sit molestiae aspernatur hic. Eum harum nulla officia soluta. Repudiandae et unde ratione. Non similique corrupti nobis expedita provident.'),
(74, 'https://loremflickr.com/600/400/people/', 'Ledner', 'Hans', 'moen.erick@example.com', 'pass1234', '(147)428-0817', '68382 Kshlerin Run Apt. 218\nTanyaton, OH 33148', '2001-09-01', 'Male', 'Hatter were having tea at it: a Dormouse was sitting on a branch of a well?\' The Dormouse again took a great interest in questions of eating and drinking. \'They lived on treacle,\' said the Mouse. \'Of course,\' the Gryphon whispered in reply, \'for fear.', 'iste', 'Debitis recusandae reprehenderit molestiae. Et totam explicabo sit enim explicabo sed autem harum. Quod est autem cupiditate molestiae maiores eos distinctio. Omnis est aliquid fugiat aliquam ab rem sint. Id eveniet consequatur exercitationem enim itaque. Error similique eum et necessitatibus. Quidem aut vitae sed nulla non amet.'),
(75, 'https://loremflickr.com/600/400/people/', 'Hintz', 'Payton', 'sandra75@example.org', 'qwertyuiop', '072.876.2879x2785', '32568 Eugenia Trail Suite 271\nKaleborough, IN 54277', '2000-06-30', 'Male', 'Alice, in a ring, and begged the Mouse with an M, such as mouse-traps, and the Dormouse shook its head to keep back the wandering hair that curled all over with diamonds, and walked a little way out of a muchness?\' \'Really, now you ask me,\' said Alice,.', 'aliquid', 'Omnis consectetur quis aspernatur dolores. Neque enim maiores ipsa sunt. Nulla exercitationem ut ut et. Et autem voluptatem ea libero corporis quos aspernatur. Earum voluptas eius nesciunt facilis delectus est ab.'),
(76, 'https://loremflickr.com/600/400/people/', 'Hane', 'Braeden', 'monahan.liza@example.net', 'password', '08859390011', '4041 Elias Motorway\nTrompport, DC 05695-0004', '2006-07-18', 'Male', 'And the moral of that is--\"Oh, \'tis love, \'tis love, that makes the world am I? Ah, THAT\'S the great wonder is, that I\'m doubtful about the whiting!\' \'Oh, as to size,\' Alice hastily replied; \'only one doesn\'t like changing so often, of course you know.', 'aut', 'Natus ipsum enim omnis soluta repellendus similique. Necessitatibus est voluptatum pariatur ratione enim totam. Rerum aut harum quas ipsam veniam similique. Adipisci omnis nulla vitae odio est nulla in. Vero consequatur repellendus a fugiat maxime autem. Aliquam quod eius dolor eum nam eaque aspernatur ipsa.'),
(77, 'https://loremflickr.com/600/400/people/', 'Bogisich', 'Henriette', 'silas.bayer@example.com', 'qwertyuiop', '07487839072', '3171 Ottis Valleys Apt. 562\nFaheychester, RI 01692', '2008-12-02', 'Male', 'Dinah, tell me who YOU are, first.\' \'Why?\' said the cook. \'Treacle,\' said a whiting to a day-school, too,\' said Alice; \'I might as well as I get SOMEWHERE,\' Alice added as an explanation. \'Oh, you\'re sure to do such a nice soft thing to nurse--and she\'s.', 'et', 'Velit non aperiam sed accusantium hic consectetur sed. Doloribus expedita voluptates alias tempora omnis vitae. Quis consequatur dolores inventore. Provident dicta velit sint consequatur voluptatibus.'),
(78, 'https://loremflickr.com/600/400/people/', 'Schamberger', 'Orland', 'eileen31@example.net', '123456', '272-313-2856', '43661 Gennaro Junctions\nMavericktown, UT 38558', '2000-01-18', 'Female', 'The Queen turned angrily away from him, and said \'No, never\') \'--so you can find them.\' As she said to herself, in a languid, sleepy voice. \'Who are YOU?\' said the last words out loud, and the three gardeners instantly jumped up, and began talking to.', 'soluta', 'Sint quis provident libero consequatur. Consequuntur distinctio sint quasi consectetur molestiae vitae architecto. Quo distinctio qui harum tenetur. Aliquid voluptas atque natus voluptas et ratione. Consequuntur omnis dolores maiores et est ea.'),
(79, 'https://loremflickr.com/600/400/people/', 'Oberbrunner', 'Irma', 'qlangosh@example.net', 'pass1234', '284.061.9751x5644', '99101 Weissnat Springs\nNorth Melvinfort, NJ 82266-5540', '1997-08-19', 'Female', 'Alice more boldly: \'you know you\'re growing too.\' \'Yes, but I shall never get to twenty at that rate! However, the Multiplication Table doesn\'t signify: let\'s try Geography. London is the same thing with you,\' said the March Hare went \'Sh! sh!\' and the.', 'non', 'Quis sint error occaecati praesentium sit adipisci. Ut quia velit sunt rerum ab. Accusantium amet modi odit quia. Quibusdam et modi modi autem. Placeat incidunt dicta deleniti vel rerum similique. Nesciunt quis quasi nostrum dolore omnis expedita quibusdam. Amet suscipit optio mollitia aliquid placeat excepturi laudantium.'),
(80, 'https://loremflickr.com/600/400/people/', 'Douglas', 'Stephany', 'ifisher@example.com', 'pass1234', '233-749-6165', '6407 Rosenbaum Grove Apt. 135\nColehaven, KY 12025-4997', '1994-12-30', 'Male', 'She was moving them about as it left no mark on the glass table and the game was in March.\' As she said to herself how this same little sister of hers would, in the same side of the evening, beautiful Soup! Beau--ootiful Soo--oop! Soo--oop of the.', 'placeat', 'Id eveniet eligendi modi est dolores omnis qui. Quis voluptatem fugit perferendis doloremque dolores. Nulla doloribus rerum excepturi repellat esse eveniet id vel. Voluptatum voluptatem rerum blanditiis. Consequatur vero rerum cumque occaecati. Quos voluptas qui corrupti ratione. Beatae consequuntur accusamus dolores.'),
(81, 'https://loremflickr.com/600/400/people/', 'Ebert', 'Cassie', 'coby78@example.org', '123456', '(767)812-3200x466', '1456 Gibson Court\nDeannaborough, MN 45311', '1988-08-18', 'Female', 'Rabbit, and had to pinch it to her daughter \'Ah, my dear! I shall have to beat time when I was thinking I should think you\'ll feel it a minute or two, they began solemnly dancing round and look up in great disgust, and walked off; the Dormouse fell.', 'voluptates', 'Est distinctio quo dolore numquam aut quis. Autem dolorem porro voluptatem et aut. Aut incidunt ut sit consectetur omnis. Laboriosam velit aliquam voluptate repellendus repudiandae esse neque. Amet consectetur ipsa dolorem et molestiae numquam. Et nisi eligendi est autem.'),
(82, 'https://loremflickr.com/600/400/people/', 'Schaefer', 'America', 'hermann75@example.com', 'pass1234', '(245)685-8328', '261 Wolff Via Suite 352\nWest Penelopehaven, ID 91907-9443', '2006-06-26', 'Male', 'But I\'ve got to?\' (Alice had been looking at the end of the Mock Turtle persisted. \'How COULD he turn them out again. The rabbit-hole went straight on like a wild beast, screamed \'Off with their heads downward! The Antipathies, I think--\' (she was so.', 'ut', 'Dicta perferendis commodi consequatur et fuga dolores dolores maiores. Perferendis alias ducimus ratione. Debitis eligendi provident voluptatem modi similique. Perspiciatis dolorem eveniet et delectus asperiores qui.'),
(83, 'https://loremflickr.com/600/400/people/', 'Goyette', 'Kayleigh', 'lavina90@example.net', '123456', '908-626-0294x786', '218 Lorna Place Apt. 336\nGulgowskibury, AL 94200-5181', '2011-04-14', 'Male', 'Duck and a sad tale!\' said the King. On this the White Rabbit: it was YOUR table,\' said Alice; \'I daresay it\'s a set of verses.\' \'Are they in the court!\' and the two sides of the hall; but, alas! either the locks were too large, or the key was too.', 'possimus', 'Earum nesciunt expedita voluptate molestiae cum. Commodi aut et rerum qui omnis. Voluptas praesentium recusandae distinctio et alias autem. Et vitae aliquid veniam in. Quia voluptate fugiat dolores occaecati distinctio excepturi. Maiores exercitationem vel aperiam temporibus nisi eos perspiciatis. Nulla temporibus eaque rerum sed aut sunt.'),
(84, 'https://loremflickr.com/600/400/people/', 'Bartoletti', 'Dock', 'shanon16@example.net', '123456', '484-762-8102x10275', '365 Hauck Lodge\nSouth Napoleontown, NM 41021-1197', '1974-02-15', 'Female', 'Caterpillar angrily, rearing itself upright as it went. So she began thinking over other children she knew that were of the court,\" and I shall see it quite plainly through the little golden key was lying on their slates, and then said, \'It WAS a.', 'qui', 'Rerum doloribus error rerum harum in et. Qui impedit maiores commodi culpa architecto nulla sint. Odit quia repellendus iusto. Labore doloribus veritatis quas est. Incidunt eveniet aut commodi. Aut quia qui dolor quae aut. Eveniet nisi vel debitis enim.'),
(85, 'https://loremflickr.com/600/400/people/', 'Medhurst', 'Holly', 'tiara62@example.org', 'qwertyuiop', '1-288-441-5677x821', '499 Altenwerth Roads\nSouth Timmyshire, NH 78970', '1991-02-28', 'Male', 'Duchess, \'chop off her head!\' Those whom she sentenced were taken into custody by the officers of the moment they saw her, they hurried back to the game. CHAPTER IX. The Mock Turtle\'s heavy sobs. Lastly, she pictured to herself as she could, for the.', 'in', 'Totam et voluptate dolorum repellat sint tempora odio. Qui sint quod enim qui voluptate. Omnis quo ipsum in error quo. Illo inventore voluptatibus repudiandae voluptatibus quo consequatur. Amet dolores sapiente eveniet ullam distinctio corrupti.'),
(86, 'https://loremflickr.com/600/400/people/', 'Lesch', 'Kiana', 'estreich@example.com', 'qwertyuiop', '1-566-059-9756x35609', '066 Lubowitz Islands\nNorth Kayburgh, IL 10348-4819', '1976-02-18', 'Male', 'I\'d been the whiting,\' said the King said, turning to the fifth bend, I think?\' \'I had NOT!\' cried the Mouse, who was talking. \'How CAN I have none, Why, I haven\'t been invited yet.\' \'You\'ll see me there,\' said the Duchess; \'and that\'s why. Pig!\' She.', 'voluptatem', 'Ducimus facere error sint molestias provident. Voluptates inventore commodi ipsam et. Iure autem nemo molestiae rerum molestiae veritatis. Quo autem corrupti occaecati possimus et similique aliquid. Aut modi consequatur optio quas vero mollitia. Quae dolore eius ipsum ut aperiam enim. Molestias explicabo tempore dolore rerum aliquam.'),
(87, 'https://loremflickr.com/600/400/people/', 'Mraz', 'Carey', 'gheller@example.net', '123456', '437.255.8448x894', '430 Nettie Lodge\nWizafort, AK 06550-8604', '2022-02-24', 'Female', 'Alice, as she said to herself, \'after such a capital one for catching mice you can\'t swim, can you?\' he added, turning to the porpoise, \"Keep back, please: we don\'t want YOU with us!\"\' \'They were learning to draw, you know--\' She had quite a.', 'cupiditate', 'Blanditiis consequatur doloremque accusamus aut. Blanditiis sequi dolore quibusdam explicabo dolor exercitationem ut. Omnis ad et optio saepe dolor et. Voluptatem assumenda sed expedita laudantium architecto. Voluptatem id qui qui et. Ut rerum consequatur praesentium officiis optio. Qui maxime ut necessitatibus nesciunt officia cum.'),
(88, 'https://loremflickr.com/600/400/people/', 'Kozey', 'Deborah', 'destini82@example.net', '123456', '559-196-4256', '4146 Alverta Plaza Apt. 723\nRamiroton, DC 79340', '1982-02-24', 'Female', 'Alice\'s first thought was that she wanted much to know, but the tops of the sort!\' said Alice. \'Why?\' \'IT DOES THE BOOTS AND SHOES.\' the Gryphon hastily. \'Go on with the lobsters to the door, she found she could see this, as she spoke--fancy CURTSEYING.', 'qui', 'Sit neque molestiae illo et. Excepturi deserunt consequatur ad officiis quam ut iusto voluptas. Officia consequatur libero aperiam et. Dolorum et ullam quibusdam aut expedita. Quidem itaque accusamus libero corporis. Voluptates eum qui et quasi sunt deleniti modi sunt. Accusamus neque culpa quibusdam excepturi. Consequatur consectetur nesciunt possimus assumenda.'),
(89, 'https://loremflickr.com/600/400/people/', 'Nolan', 'Kareem', 'sshields@example.org', '123456', '998.207.7895', '058 Torrey Islands Apt. 975\nMurphyhaven, CO 71038', '1976-11-22', 'Female', 'And how odd the directions will look! ALICE\'S RIGHT FOOT, ESQ. HEARTHRUG, NEAR THE FENDER, (WITH ALICE\'S LOVE). Oh dear, what nonsense I\'m talking!\' Just then she noticed a curious appearance in the middle of one! There ought to be Number One,\' said.', 'inventore', 'Beatae totam perspiciatis rerum omnis consequatur vel sed et. Libero voluptatem reprehenderit et et. Sunt et repudiandae et repellat iure temporibus. Harum est sit nemo molestias. Necessitatibus ipsa voluptatem incidunt blanditiis consequatur nihil.'),
(90, 'https://loremflickr.com/600/400/people/', 'Wisoky', 'Rosetta', 'arvel55@example.com', '123456', '(413)069-2771', '67691 Nader Square\nWizaview, LA 79896-6713', '2007-03-31', 'Male', 'Alice, jumping up and say \"How doth the little crocodile Improve his shining tail, And pour the waters of the words came very queer indeed:-- \'\'Tis the voice of the jury wrote it down \'important,\' and some of YOUR business, Two!\' said Seven. \'Yes, it IS.', 'aut', 'Sed magni est qui consequuntur. Exercitationem nihil totam eum quia voluptate. Minus quia nesciunt omnis adipisci quaerat eos. Voluptatem voluptatem error fuga qui ex accusantium ullam tempora. Consequatur sint vel laborum eveniet laudantium.'),
(91, 'https://loremflickr.com/600/400/people/', 'Stark', 'Delfina', 'njacobs@example.org', 'password', '460.527.0382x419', '424 Garth Ridges Apt. 158\nLueilwitzhaven, MO 66247-6284', '2006-05-02', 'Male', 'Hatter, who turned pale and fidgeted. \'Give your evidence,\' said the Mock Turtle. \'Hold your tongue, Ma!\' said the Mock Turtle at last, and they went up to the other, looking uneasily at the bottom of a bottle. They all made a memorandum of the ground,.', 'at', 'Praesentium optio perferendis tenetur facere cupiditate. Aut assumenda eligendi minima quia est ut. Et omnis sunt architecto non temporibus dolores. Deleniti neque itaque accusamus qui dolorum. Qui molestiae perspiciatis officiis tempora labore. Id molestiae sunt aspernatur eos. Et inventore numquam eaque incidunt inventore saepe hic. Ducimus velit reprehenderit saepe labore perferendis possimus sint.'),
(92, 'https://loremflickr.com/600/400/people/', 'Welch', 'Colt', 'selmer.simonis@example.com', '123456', '(053)239-8896', '30820 Turcotte Centers Apt. 015\nTatyanaburgh, WY 93717-5737', '1972-03-30', 'Male', 'CHAPTER II. The Pool of Tears \'Curiouser and curiouser!\' cried Alice hastily, afraid that it was only too glad to get her head through the air! Do you think, at your age, it is I hate cats and dogs.\' It was as long as you can--\' \'Swim after them!\'.', 'nihil', 'Eligendi quia illum facilis voluptatem impedit libero corrupti. Nemo quasi esse rerum ea eius officiis. Est impedit molestias quo qui. Est maiores labore consequatur maiores quia placeat dolores. Nemo omnis dolor natus eius esse voluptatem reprehenderit. Quidem non enim aperiam cum aspernatur qui.'),
(93, 'https://loremflickr.com/600/400/people/', 'Davis', 'Tristin', 'jordyn.mann@example.net', 'pass1234', '1-356-632-7045x33030', '287 Hamill Street\nNorth Annieville, TX 51306', '1988-12-09', 'Female', 'Alice: \'besides, that\'s not a moment like a wild beast, screamed \'Off with her arms round it as you can--\' \'Swim after them!\' screamed the Gryphon. \'Then, you know,\' Alice gently remarked; \'they\'d have been a RED rose-tree, and we put a stop to this,\'.', 'aspernatur', 'Quia qui quasi itaque itaque dolor. Nesciunt dicta occaecati qui quo ut. Sint sapiente voluptas assumenda eveniet accusamus. Eos eaque ut voluptas quo. Qui rerum deserunt magni eum dolores. Voluptas reprehenderit fugit voluptas. Tempore quos facere aut minima assumenda.'),
(94, 'https://loremflickr.com/600/400/people/', 'White', 'Mattie', 'huel.salvatore@example.net', 'password', '(263)171-3340x02183', '837 Ronny Ferry Suite 199\nLake Mozellstad, LA 75181', '2012-03-06', 'Male', 'Caterpillar. \'Well, I\'ve tried hedges,\' the Pigeon in a confused way, \'Prizes! Prizes!\' Alice had begun to repeat it, but her voice close to her, one on each side to guard him; and near the King sharply. \'Do you know what you were or might have been.', 'voluptate', 'Sit et quibusdam accusamus qui blanditiis natus odio provident. Ducimus deserunt quaerat sequi est est. Ut nihil velit dolor vitae iusto officiis. Nemo eos corrupti impedit sit.'),
(95, 'https://loremflickr.com/600/400/people/', 'Doyle', 'Rhiannon', 'erogahn@example.com', 'password', '033-206-9447x534', '079 Carlee Plain Suite 493\nPort Aniya, KS 66098-5261', '1985-04-21', 'Male', 'I\'ll set Dinah at you!\' There was a real nose; also its eyes were nearly out of sight before the trial\'s begun.\' \'They\'re putting down their names,\' the Gryphon replied very solemnly. Alice was just beginning to write out a box of comfits, (luckily the.', 'culpa', 'Id atque consequuntur tempore qui cumque non. Quia voluptatem minima amet provident et veritatis. Nihil in libero quas omnis tenetur quo. Officia aut consequuntur exercitationem maiores et. Expedita id quia quam deleniti alias. Vitae cum qui deleniti vero eos deserunt aut.'),
(96, 'https://loremflickr.com/600/400/people/', 'Kozey', 'Christina', 'maritza.bergnaum@example.net', '123456', '(977)213-5203', '59538 Funk Creek\nLake Maryjane, AZ 54971', '1972-12-31', 'Female', 'Alice; \'but a grin without a great hurry, muttering to itself \'Then I\'ll go round a deal too far off to other parts of the court. All this time she went back to the Dormouse, without considering at all like the wind, and was in the pool, \'and she sits.', 'odio', 'Natus ut non magnam voluptatum voluptatem libero non. Officiis molestiae reprehenderit minus inventore reiciendis. Quam eveniet minus ratione id pariatur quae. Est dignissimos molestias ratione voluptas et. Doloribus ad autem nisi molestiae laudantium perspiciatis reprehenderit voluptatem. Atque dolorem quo repellat. Ab corrupti perspiciatis facilis adipisci ipsam ipsa.'),
(97, 'https://loremflickr.com/600/400/people/', 'Schaefer', 'May', 'savion42@example.com', 'pass1234', '03597547923', '9907 Eichmann Course Suite 918\nSouth Lola, AR 50672-5080', '2000-08-02', 'Female', 'Alice think it would be four thousand miles down, I think--\' (for, you see, Miss, this here ought to speak, and no room at all fairly,\' Alice began, in a thick wood. \'The first thing I\'ve got to the croquet-ground. The other side of the month, and.', 'repellat', 'Nihil quisquam sit quia est. Sed ea expedita excepturi recusandae. A est cum tempore assumenda et. Officia molestiae esse odio. Debitis quod et aut cumque dolore autem facilis.'),
(98, 'https://loremflickr.com/600/400/people/', 'Dickinson', 'Selena', 'gerard66@example.org', 'pass1234', '1-097-139-8772x389', '87527 Queen Terrace\nNorth Bernitatown, WY 26855-8333', '1990-10-14', 'Female', 'How the Owl had the dish as its share of the March Hare said--\' \'I didn\'t!\' the March Hare and the words \'DRINK ME\' beautifully printed on it (as she had found her head on her toes when they met in the last words out loud, and the great puzzle!\' And she.', 'natus', 'Dolor ipsum vel suscipit debitis sint placeat molestiae voluptas. Veniam nisi occaecati tempora et tempore ratione officiis. Sit distinctio temporibus distinctio ut et veritatis. Sed omnis suscipit corrupti quos necessitatibus rem sed. Maiores enim numquam voluptates ut qui dolore. Amet repudiandae ducimus quo deleniti harum quaerat adipisci nihil. Beatae repudiandae et quas.'),
(99, 'https://loremflickr.com/600/400/people/', 'Hilpert', 'Kyler', 'bruce.zemlak@example.com', 'password', '768-996-8072', '46784 Cronin Drive Apt. 293\nFunkstad, CA 33527-4322', '1994-02-07', 'Male', 'Rome, and Rome--no, THAT\'S all wrong, I\'m certain! I must have been changed for Mabel! I\'ll try and say \"Who am I then? Tell me that first, and then, if I like being that person, I\'ll come up: if not, I\'ll stay down here till I\'m somebody else\"--but, oh.', 'architecto', 'Ullam et voluptatum dolorum ad pariatur quos facilis. Id occaecati ipsam nihil architecto dolore eius dignissimos sunt. Qui aut quo error autem natus sit saepe nobis. Quasi aut aut molestiae officia. Maxime est odit dolore. Amet molestiae voluptatum et quos et molestiae qui.'),
(100, 'https://loremflickr.com/600/400/people/', 'Russel', 'Colin', 'tkunde@example.com', 'qwertyuiop', '758-190-1607x279', '691 Tierra Locks\nNorth Linda, UT 57480-7719', '2016-04-23', 'Female', 'Hatter trembled so, that Alice quite hungry to look about her pet: \'Dinah\'s our cat. And she\'s such a capital one for catching mice you can\'t take LESS,\' said the Hatter. \'He won\'t stand beating. Now, if you please! \"William the Conqueror, whose cause.', 'laborum', 'Distinctio sint quidem voluptas natus asperiores repellat officia. Accusamus sunt iure in quasi sint. Sed vel et quia. Iure voluptatem amet sed ea modi magni. A omnis a odit et ut.'),
(102, 'https://loremflickr.com/600/400/people/', 'Hardizi', 'Achraf', 'achraf@rajol.ezin', 'password', NULL, NULL, NULL, NULL, NULL, NULL, NULL);

--
-- Indexes for dumped tables
--

--
-- Indexes for table `Friendship`
--
ALTER TABLE `Friendship`
  ADD PRIMARY KEY (`id_sender`,`id_receiver`),
  ADD KEY `id_receiver` (`id_receiver`);

--
-- Indexes for table `Message`
--
ALTER TABLE `Message`
  ADD PRIMARY KEY (`id`);

--
-- Indexes for table `Post`
--
ALTER TABLE `Post`
  ADD PRIMARY KEY (`id`),
  ADD KEY `id_user` (`id_user`);

--
-- Indexes for table `Resource`
--
ALTER TABLE `Resource`
  ADD PRIMARY KEY (`id`),
  ADD KEY `id_post` (`id_post`);

--
-- Indexes for table `Tokens`
--
ALTER TABLE `Tokens`
  ADD PRIMARY KEY (`id`),
  ADD KEY `id_user` (`id_user`),
  ADD KEY `idx_Token_emai` (`email`);

--
-- Indexes for table `User`
--
ALTER TABLE `User`
  ADD PRIMARY KEY (`id`),
  ADD UNIQUE KEY `email` (`email`),
  ADD KEY `idx_User_email` (`email`);

--
-- AUTO_INCREMENT for dumped tables
--

--
-- AUTO_INCREMENT for table `Message`
--
ALTER TABLE `Message`
  MODIFY `id` int(11) NOT NULL AUTO_INCREMENT, AUTO_INCREMENT=120;

--
-- AUTO_INCREMENT for table `Post`
--
ALTER TABLE `Post`
  MODIFY `id` int(11) NOT NULL AUTO_INCREMENT, AUTO_INCREMENT=121;

--
-- AUTO_INCREMENT for table `Resource`
--
ALTER TABLE `Resource`
  MODIFY `id` int(11) NOT NULL AUTO_INCREMENT, AUTO_INCREMENT=120;

--
-- AUTO_INCREMENT for table `Tokens`
--
ALTER TABLE `Tokens`
  MODIFY `id` int(11) NOT NULL AUTO_INCREMENT, AUTO_INCREMENT=8;

--
-- AUTO_INCREMENT for table `User`
--
ALTER TABLE `User`
  MODIFY `id` int(11) NOT NULL AUTO_INCREMENT, AUTO_INCREMENT=103;

--
-- Constraints for dumped tables
--

--
-- Constraints for table `Friendship`
--
ALTER TABLE `Friendship`
  ADD CONSTRAINT `Friendship_ibfk_1` FOREIGN KEY (`id_sender`) REFERENCES `User` (`id`),
  ADD CONSTRAINT `Friendship_ibfk_2` FOREIGN KEY (`id_receiver`) REFERENCES `User` (`id`);

--
-- Constraints for table `Message`
--
ALTER TABLE `Message`
  ADD CONSTRAINT `Message_ibfk_1` FOREIGN KEY (`id`) REFERENCES `Resource` (`id`) ON DELETE CASCADE;

--
-- Constraints for table `Post`
--
ALTER TABLE `Post`
  ADD CONSTRAINT `Post_ibfk_1` FOREIGN KEY (`id_user`) REFERENCES `User` (`id`);

--
-- Constraints for table `Resource`
--
ALTER TABLE `Resource`
  ADD CONSTRAINT `Resource_ibfk_1` FOREIGN KEY (`id_post`) REFERENCES `Post` (`id`) ON DELETE CASCADE;

--
-- Constraints for table `Tokens`
--
ALTER TABLE `Tokens`
  ADD CONSTRAINT `Tokens_ibfk_1` FOREIGN KEY (`id_user`) REFERENCES `User` (`id`),
  ADD CONSTRAINT `Tokens_ibfk_2` FOREIGN KEY (`email`) REFERENCES `User` (`email`);